brand,segment,provenance,outlets
Starbucks,F&B,Foreign,34
Ya Kun Kaya Toast,F&B,Singaporean,33
Old Chang Kee,F&B,Singaporean,27
Toast Box,F&B,Singaporean,27
Subway,F&B,Foreign,24
The Coffee Bean & Tea Leaf,F&B,Foreign,23
Mr. Coconut,F&B,Singaporean,22
Wok Hey,F&B,Singaporean,22
McDonald's,F&B,Foreign,21
Boost Juice,F&B,Foreign,21
BreadTalk,F&B,Singaporean,20
Stuff'd,F&B,Singaporean,20
Sanook Kitchen,F&B,Singaporean,19
LiHO,F&B,Singaporean,18
Din Tai Fung,F&B,Foreign,18
Luckin Coffee,F&B,Foreign,17
SUKIYA,F&B,Foreign,17
KOI Thé,F&B,Singaporean,17
Mr Bean,F&B,Singaporean,17
Tori-Q,F&B,Foreign,17
CHICHA San Chen,F&B,Foreign,17
Bengawan Solo,F&B,Singaporean,17
Paris Baguette,F&B,Foreign,16
Chateraise,F&B,Foreign,16
Bee Cheng Hiang,F&B,Singaporean,16
Four Leaves,F&B,Singaporean,16
KFC,F&B,Foreign,16
PlayMade,F&B,Singaporean,15
CHAGEE,F&B,Foreign,15
Polar Puffs & Cakes,F&B,Singaporean,15
Fun Toast,F&B,Singaporean,14
TALAD THAI BANANA,F&B,Foreign,13
Dian Xiao Er,F&B,Singaporean,13
The Soup Spoon,F&B,Singaporean,12
Nine Fresh,F&B,Foreign,12
DUNKIN',F&B,Unknown,12
Genki Sushi,F&B,Foreign,12
Burger King,F&B,Foreign,12
Potato Corner,F&B,Foreign,12
Sushi Express,F&B,Foreign,11
Xiang Xiang Hunan Cuisine,F&B,Foreign,11
MOS Burger,F&B,Foreign,11
Swensen's,F&B,Singaporean,11
Munchi Pancakes,F&B,Singaporean,11
Crave,F&B,Singaporean,11
Sushiro,F&B,Foreign,10
EAT.,F&B,Unknown,10
Gong Yuan Ma La Tang,F&B,Foreign,10
Famous Amos,F&B,Foreign,10
Sushi Tei,F&B,Foreign,10
Guzman Y Gomez,F&B,Foreign,10
KOI THE,F&B,Singaporean,9
Shihlin Taiwan Street Snacks,F&B,Foreign,9
Super Sushi,F&B,Unknown,9
Gochi-So Shokudo,F&B,Singaporean,9
Jollibee,F&B,Foreign,9
Pezzo,F&B,Singaporean,9
Krispy Kreme,F&B,Foreign,9
Auntie Anne's,F&B,Foreign,9
Haidilao Hot Pot,F&B,Foreign,9
Cedele,F&B,Singaporean,9
PUTIEN,F&B,Singaporean,9
Kopi & Tarts,F&B,Singaporean,8
Saizeriya,F&B,Foreign,8
KAZO,F&B,Unknown,8
Dough Culture,F&B,Unknown,8
COLLIN’S®,F&B,Singaporean,8
Nam Kee Pau,F&B,Singaporean,8
Wingstop,F&B,Foreign,8
Monster Curry,F&B,Foreign,8
llaollao,F&B,Foreign,8
Mister Donut,F&B,Foreign,8
Steak 99,F&B,Singaporean,8
Wine Connection,F&B,Singaporean,8
Ichiban Boshi,F&B,Singaporean,8
Tim Ho Wan,F&B,Foreign,7
Kenangan Coffee,F&B,Foreign,7
IPPUDO,F&B,Foreign,7
Yakiniku Shokudo,F&B,Singaporean,7
Malaysia Boleh!,F&B,Singaporean,7
Dabba Street,F&B,Singaporean,7
Nan Yang Dao,F&B,Singaporean,7
Long John Silver's,F&B,Foreign,7
Yakiniku Like,F&B,Foreign,7
PastaMania,F&B,Singaporean,7
Maki-San,F&B,Singaporean,7
Kopitiam,F&B,Singaporean,7
Tai Cheong Bakery,F&B,Foreign,7
Crystal Jade Hong Kong Kitchen,F&B,Foreign,7
Food Republic,F&B,Singaporean,7
Kuriya Japanese Market,F&B,Singaporean,7
MIXUE,F&B,Foreign,7
Song Fa Bak Kut Teh,F&B,Singaporean,7
BEUTEA,F&B,Singaporean,6
Yolé,F&B,Singaporean,6
I Love Taimei,F&B,Foreign,6
SWEE HENG 1989 Classic,F&B,Singaporean,6
An Acai Affair,F&B,Singaporean,6
Tun Xiang Hokkien Delights,F&B,Unknown,6
Zhang Liang Mala Tang,F&B,Foreign,6
Greendot,F&B,Singaporean,6
Eighteen Plum,F&B,Unknown,6
NiKU iKU,F&B,Unknown,6
Mincheng Bibimbap,F&B,Unknown,6
Tiong Bahru Bakery,F&B,Singaporean,6
Awfully Chocolate,F&B,Singaporean,6
Tongue Tip Lanzhou Beef Noodles,F&B,Foreign,6
Qi Ji,F&B,Singaporean,6
Butter & Cream,F&B,Unknown,6
Fish & Co.,F&B,Singaporean,6
Henri Charpentier,F&B,Unknown,6
Kei Kaisendon,F&B,Unknown,6
Bakery Cuisine,F&B,Unknown,5
Ottie Pancakes,F&B,Unknown,5
Twyst,F&B,Unknown,5
Baskin Robbins,F&B,Foreign,5
Canton Paradise,F&B,Foreign,5
Encik Tan,F&B,Singaporean,5
Hot Tomato,F&B,Singaporean,5
Pepper Lunch,F&B,Foreign,5
Seoul Garden,F&B,Foreign,5
YGF MALATANG,F&B,Unknown,5
Astons Specialities,F&B,Singaporean,5
Shake Shack,F&B,Foreign,5
Cat & the Fiddle,F&B,Singaporean,5
PrimaDéli,F&B,Singaporean,5
Go-Ang Pratunam Chicken Rice,F&B,Unknown,5
Tim Hortons,F&B,Foreign,5
Garrett Popcorn Shops,F&B,Foreign,5
Gokoku Japanese Bakery,F&B,Unknown,5
Paradise Dynasty,F&B,Singaporean,5
Shabu Sai,F&B,Unknown,5
HEYTEA,F&B,Foreign,5
Ajumma's,F&B,Unknown,5
4FINGERS Crispy Chicken,F&B,Unknown,5
Aburi-EN,F&B,Unknown,5
Eat 3 Bowls,F&B,Unknown,5
A-One Signature,F&B,Unknown,5
Yew Kee Specialities,F&B,Unknown,5
Soup Restaurant,F&B,Singaporean,5
Koo Kee,F&B,Unknown,5
Duke Bakery,F&B,Unknown,4
Fragrance,F&B,Unknown,4
Now Pizza,F&B,Unknown,4
Ho Kee Pau,F&B,Unknown,4
YOSHINOYA,F&B,Foreign,4
Saap Saap Thai,F&B,Unknown,4
Ajisen Tanjiro,F&B,Unknown,4
LeNu Chef Wai’s Noodle Bar,F&B,Unknown,4
Ritz Apple Strudel,F&B,Unknown,4
LITTLE POND,F&B,Unknown,4
Josh's Grill,F&B,Unknown,4
Nunsaram Korean Dessert Cafe,F&B,Unknown,4
108 Matcha Saro,F&B,Unknown,4
Nando's,F&B,Foreign,4
CoCo ICHIBANYA,F&B,Unknown,4
Geláre,F&B,Unknown,4
rumeL,F&B,Unknown,4
Shihlin Taiwan Street Food,F&B,Unknown,4
White Restaurant,F&B,Singaporean,4
Eat Pizza,F&B,Unknown,4
Red Ginger,F&B,Unknown,4
Popeyes,F&B,Foreign,4
Yuen Kee Dumpling,F&B,Unknown,4
Food Junction,F&B,Singaporean,4
Chocolate Origin,F&B,Unknown,4
Hoshino Coffee,F&B,Foreign,4
Beard Papa’s,F&B,Foreign,4
Da Paolo Gastronomia,F&B,Unknown,4
Rive Gauche Patisserie,F&B,Unknown,4
Venchi,F&B,Unknown,4
PS.CAFE,F&B,Singaporean,4
So Pho,F&B,Unknown,4
Tai Chong Kok,F&B,Unknown,4
Tonkatsu by Ma Maison,F&B,Unknown,4
Mr. Onigiri,F&B,Unknown,4
Délifrance,F&B,Unknown,4
Lao Huo Tang,F&B,Unknown,4
Tonkatsu ENbiton,F&B,Unknown,4
Old Tea Hut,F&B,Unknown,4
Papa Ayam,F&B,Unknown,4
Wanpo Tea Shop,F&B,Unknown,4
Mamma Mia Trattoria E Caffè,F&B,Unknown,4
Bottles & Bottles,F&B,Unknown,4
365 Juices Bar,F&B,Unknown,4
ASTONS Steak & Salad,F&B,Unknown,4
KOI Express,F&B,Unknown,4
Supergreen,F&B,Unknown,3
A HOT HIDEOUT,F&B,Unknown,3
Le Shrimp Ramen,F&B,Unknown,3
Kebabs Faktory,F&B,Unknown,3
JINJJA Chicken,F&B,Foreign,3
Kenny Rogers Roasters,F&B,Foreign,3
Chewy Junior,F&B,Unknown,3
TOMORO COFFEE,F&B,Unknown,3
SF FRUITS,F&B,Unknown,3
SAN REN XING 三人行,F&B,Unknown,3
Paradise Classic,F&B,Unknown,3
BATTERCATCH,F&B,Unknown,3
PastaGo,F&B,Unknown,3
Ajisen Ramen,F&B,Unknown,3
Big Fish Small Fish,F&B,Unknown,3
Sushi Plus,F&B,Unknown,3
Hong Kong Egglet,F&B,Unknown,3
Fore Coffee,F&B,Unknown,3
Cai-Ca,F&B,Unknown,3
Sushi Zushi,F&B,Unknown,3
SUKI-YA,F&B,Unknown,3
Xin Wang Hong Kong Cafe,F&B,Unknown,3
itea,F&B,Unknown,3
CHA MULAN,F&B,Unknown,3
The Whale Tea,F&B,Unknown,3
CocoCane,F&B,Unknown,3
Tokyo Shokudo,F&B,Unknown,3
Kin No Mame,F&B,Unknown,3
Pawa Bakery,F&B,Unknown,3
The Cocoa Trees,F&B,Unknown,3
Shiok Burger,F&B,Unknown,3
Casa Vostra,F&B,Unknown,3
Fieldnotes,F&B,Unknown,3
ROYCE',F&B,Unknown,3
Lee Wee & Brothers,F&B,Unknown,3
Cellarbration,F&B,Unknown,3
Kind Kones,F&B,Unknown,3
Ji De Chi Dessert,F&B,Unknown,3
The Tree Cafe,F&B,Unknown,3
Dapur Penyet,F&B,Unknown,3
SMOOY,F&B,Unknown,3
Bali Thai,F&B,Unknown,3
Each-a-Cup,F&B,Singaporean,3
Poke Theory,F&B,Unknown,3
rrooll,F&B,Unknown,3
SF Fruits & Juices,F&B,Unknown,3
Texas Chicken,F&B,Foreign,3
Ayam Penyet President,F&B,Unknown,3
BreadTalk/Toast Box,F&B,Unknown,3
Dough Magic,F&B,Unknown,3
Fried Chicken Master,F&B,Unknown,3
Hakka Yu,F&B,Unknown,3
LeNu,F&B,Unknown,3
Mei Heong Yuen Dessert,F&B,Unknown,3
Mr Teh Tarik Express,F&B,Singaporean,3
CAKEBAR,F&B,Unknown,3
Cookhouse by Koufu,F&B,Unknown,3
Han's,F&B,Singaporean,3
Pizza Hut,F&B,Unknown,3
snacKING Retro Biscuits,F&B,Unknown,3
Warabimochi Kamakura,F&B,Unknown,3
Plum Village,F&B,Unknown,3
HAWKERS' STREET,F&B,Unknown,3
iSTEAKS,F&B,Unknown,3
YES LEMON,F&B,Unknown,3
D'Penyetz,F&B,Unknown,3
Chicken Pie Kitchen & Don Signature Crab,F&B,Unknown,3
JUMBO SEAFOOD,F&B,Unknown,3
% Arabica (Temporarily closed),F&B,Foreign,3
Kiwami Ramen & Gyoza Bar,F&B,Unknown,3
Tambuah Mas Indonesian Restaurant,F&B,Unknown,3
Tempura-EN,F&B,Unknown,3
Huggs Coffee,F&B,Singaporean,3
i•tea,F&B,Unknown,3
Melvados,F&B,Unknown,3
BBQ Box 串烧工坊,F&B,Unknown,3
Toast & Roll by Swee Heng,F&B,Unknown,3
PAUL,F&B,Foreign,3
Peperoni Pizzeria,F&B,Unknown,3
TAI ER,F&B,Unknown,3
Wonder Juice,F&B,Unknown,2
Hoe Nam Signatures,F&B,Unknown,2
Hundred Grains 百米香,F&B,Unknown,2
Wang Fu Dim Sum,F&B,Unknown,2
City Hot Pot,F&B,Unknown,2
The Alley,F&B,Unknown,2
QIN JI ROUGAMO,F&B,Unknown,2
TSUJIRI,F&B,Unknown,2
BOOST,F&B,Unknown,2
Eastern Rice Dumpling,F&B,Unknown,2
Devil Chicken,F&B,Unknown,2
Smile Martabak,F&B,Unknown,2
Cut Butchery,F&B,Unknown,2
Avocadoria,F&B,Unknown,2
Shanghai Tan Pan-Fried Buns,F&B,Unknown,2
Hainan Second Street,F&B,Unknown,2
MENDON,F&B,Unknown,2
Paradise Hotpot,F&B,Unknown,2
Ma Maison,F&B,Unknown,2
Miam Miam,F&B,Unknown,2
Flipper's,F&B,Unknown,2
Hokkaido Baked Cheese Tart,F&B,Unknown,2
Bulgogi Syo,F&B,Unknown,2
Lavender,F&B,Unknown,2
Daily Chicken,F&B,Unknown,2
GODIVA Chocolatier,F&B,Unknown,2
TANYU,F&B,Unknown,2
ORIENTAL KOPI,F&B,Unknown,2
MRS BANANA,F&B,Unknown,2
Beryl's,F&B,Unknown,2
Poulet,F&B,Unknown,2
J.Co,F&B,Unknown,2
Watami Japanese Dining,F&B,Unknown,2
YOLE 0% SUGAR ADDED,F&B,Unknown,2
Overscoop,F&B,Unknown,2
SHOO LOONG KAN 小龙坎火锅,F&B,Unknown,2
Seoul Garden HOTPOT,F&B,Unknown,2
eCreative Cake,F&B,Unknown,2
Sushi Zanmai,F&B,Unknown,2
BBQ Express,F&B,Unknown,2
Fei Siong,F&B,Unknown,2
SUSHI GOGO,F&B,Unknown,2
Bari Bari Steak,F&B,Unknown,2
Delifrance,F&B,Unknown,2
Tenderfresh XPRESS,F&B,Unknown,2
san.wich,F&B,Unknown,2
Wunderfolks,F&B,Unknown,2
Snackz It! 可口味,F&B,Unknown,2
BINGXUE TEA & ICE CREAM,F&B,Unknown,2
Emicakes,F&B,Unknown,2
SEORAE JIB,F&B,Unknown,2
Tsukada Nojo,F&B,Foreign,2
Menya Kokoro,F&B,Unknown,2
FIVE GUYS,F&B,Foreign,2
Epid’or,F&B,Unknown,2
myEureka,F&B,Unknown,2
Mamma Mia! Trattoria E Caffe,F&B,Unknown,2
DaXi 大喜,F&B,Unknown,2
50 年 Taste Of Tradition,F&B,Unknown,2
85 Redhill Teochew Fishball Noodles,F&B,Unknown,2
Arteastiq DePatio,F&B,Unknown,2
PaperBakes,F&B,Unknown,2
Alchemist,F&B,Unknown,2
KE MING 克茗冰室,F&B,Unknown,2
Café&Meal MUJI,F&B,Unknown,2
Brotzeit,F&B,Unknown,2
XW Western Grill,F&B,Unknown,2
Läderach Chocolatier Suisse,F&B,Unknown,2
TWG Tea,F&B,Unknown,2
ZOK NOODLE HOUSE 竹麵館(港澳),F&B,Unknown,2
SURREY HILLS GROCER,F&B,Unknown,2
Bacha Coffee,F&B,Unknown,2
NamNam,F&B,Unknown,2
Poulét,F&B,Unknown,2
Tokyo Milk Cheese Factory,F&B,Unknown,2
Gyukatsu Kyoto Katsugyu 牛かつ 京都勝牛,F&B,Unknown,2
Vivino,F&B,Unknown,2
Blue Bottle Coffee,F&B,Unknown,2
ALICE BOULANGERIE AND RESTAURANT,F&B,Unknown,2
MANGO ICE 杨小贤绵绵冰,F&B,Unknown,2
Tanjong Rhu Pau,F&B,Unknown,2
Legendary Hong Kong,F&B,Unknown,2
328 Katong Laksa,F&B,Unknown,2
Curry Times,F&B,Singaporean,2
Coffeesmith,F&B,Unknown,2
TAN YU,F&B,Unknown,2
Fong Sheng Hao,F&B,Unknown,2
Nasty Cookie,F&B,Unknown,2
Xi Men Jie,F&B,Unknown,2
ZUS COFFEE,F&B,Unknown,2
Rotiboy,F&B,Unknown,2
Tonkotsu Kazan,F&B,Unknown,2
GyoGyo,F&B,Unknown,2
Dal.komm COFFEE,F&B,Unknown,2
Lemonaide,F&B,Unknown,2
Maji Curry,F&B,Unknown,2
Khao,F&B,Unknown,2
Ryokudo,F&B,Unknown,2
First Bowl 壹碗,F&B,Unknown,2
Boon Lay Power Nasi Lemak,F&B,Unknown,2
Chicken Ka Kee,F&B,Unknown,2
HUGABO,F&B,Unknown,2
Swee Heng 1989 Signature,F&B,Unknown,2
Teppan-Yaki,F&B,Unknown,2
The Dim Sum Place,F&B,Unknown,2
SEOUL NOODLE SHOP,F&B,Unknown,2
Country Brot by Four Leaves,F&B,Unknown,2
Fruit Box,F&B,Unknown,2
Hong Lim Curry Puff,F&B,Unknown,2
Koong Woh Tong,F&B,Unknown,2
Ministry of Rojak,F&B,Unknown,2
Namu Bulgogi,F&B,Unknown,2
OMEGA PORK NOODLE,F&B,Unknown,2
Tangled,F&B,Unknown,2
The Original Vadai,F&B,Unknown,2
Tonkotsu Kazan Ramen,F&B,Unknown,2
Xin Wang Hong Kong Café,F&B,Unknown,2
XW Plus Western Grill,F&B,Unknown,2
Au Croissant,F&B,Unknown,2
Hototogisu Ramen,F&B,Unknown,2
Paik's Noodle,F&B,Unknown,2
Pasta Play,F&B,Unknown,2
So Do Fun,F&B,Unknown,2
umisushi,F&B,Unknown,2
Lau Wang Claypot Delights,F&B,Unknown,2
Monster Planet,F&B,Unknown,2
Nippon Bite,F&B,Unknown,2
Butahage,F&B,Unknown,2
Dickson Nasi Lemak,F&B,Unknown,2
My Korean Mom’s Kimchi,F&B,Unknown,2
Grill N Grill,F&B,Unknown,2
Jia Li Seafood Soup,F&B,Unknown,2
Ramen Hitoyoshi,F&B,Unknown,2
Beauty in The Pot,F&B,Unknown,2
TORA-SAN,F&B,Unknown,2
Brotzeit German Bier Bar & Restaurant,F&B,Unknown,2
JASONS DELI,F&B,Unknown,2
LÄDERACH (LADERACH),F&B,Unknown,2
MARUTAMA RAMEN,F&B,Unknown,2
POCHA! KOREAN STREET DINING,F&B,Unknown,2
SEN-RYO,F&B,Unknown,2
THE 1872 CLIPPER TEA CO.,F&B,Unknown,2
A&W,F&B,Foreign,2
Baba Nyonya,F&B,Unknown,2
BHC Chicken,F&B,Unknown,2
Imperial Treasure Super Peking Duck,F&B,Unknown,2
Mrs Pho,F&B,Unknown,2
Queic by Olivia,F&B,Unknown,2
Tai Er Suancai & Fish,F&B,Unknown,2
Tsui Wah,F&B,Unknown,2
Tutto by Da Paolo,F&B,Unknown,2
SHI LI FANG,F&B,Unknown,2
BARCOOK BAKERY,F&B,Unknown,2
BLU JAZ,F&B,Unknown,2
SIAM SQUARE MOOKATA (TEMPORARILY CLOSED),F&B,Unknown,2
BAKERY CUISINE EXPRESS,F&B,Unknown,2
TOMI SUSHI,F&B,Unknown,2
CHILCHIL THAI STREET KITCHEN,F&B,Unknown,2
NEW NANYANG,F&B,Unknown,2
JI DE CHI & OTTER PIZZA,F&B,Unknown,2
BAKEINC,F&B,Unknown,2
HABIT,F&B,Unknown,2
NATURE'S NUTRITION,F&B,Unknown,2
VIETSMITH,F&B,Unknown,2
ISHIRO FUSHION BOWL (TEMPORARILY CLOSED),F&B,Unknown,2
MATSUKIYA,F&B,Unknown,2
TSUJIRI PREMIUM,F&B,Unknown,2
KILLINEY,F&B,Unknown,2
MADAM ANG KK,F&B,Unknown,2
BreadTalk / Toastbox,F&B,Unknown,2
CROLO by Swee Heng,F&B,Unknown,2
Don Don Donki,F&B,Foreign,2
Fragrance Bak Kwa,F&B,Unknown,2
Ghost Kakigori,F&B,Unknown,2
Hi Noodle,F&B,Unknown,2
Juice Farm,F&B,Unknown,2
Popeyes Famous Louisiana Chicken,F&B,Unknown,2
Sushi-GO(&JOY Japanese Food Street ),F&B,Unknown,2
Thye Moh Chan,F&B,Unknown,2
Yakiniku-Go,F&B,Unknown,2
Playground by Playmade,F&B,Unknown,2
Betsubara,F&B,Unknown,2
Beyond Pancakes,F&B,Unknown,2
Nong Geng Ji Hunan Home-Style Cuisine,F&B,Unknown,2
Yi Zun Noodle,F&B,Unknown,2
Compose Coffee,F&B,Unknown,2
HarriAnns Nonya Table,F&B,Unknown,2
Candy Empire,F&B,Unknown,2
Ben's Cookies,F&B,Unknown,2
SUPER SUB,F&B,Unknown,2
COCA,F&B,Unknown,2
LONGJING,F&B,Unknown,2
Marché,F&B,Unknown,2
Meet 2 Wine Bar & Restaurant,F&B,Unknown,2
Re.juve,F&B,Unknown,2
The Bread Club,F&B,Unknown,2
1855 The Bottle Shop,F&B,Unknown,2
Old Seng Choong,F&B,Unknown,2
Tofu G,F&B,Unknown,2
HONEYWORLD®,F&B,Unknown,2
SALADSTOP!,F&B,Unknown,2
TCC – THE CONNOISSEUR CONCERTO,F&B,Unknown,2
Kaeden Cafe,F&B,Unknown,1
Pohang Seafood & Butchery,F&B,Unknown,1
PINWEI MALA 品味麻辣,F&B,Unknown,1
TTEOK Sang,F&B,Unknown,1
Zheng Neng Zhu La Mian,F&B,Unknown,1
Nana Original Thai Food,F&B,Unknown,1
Blanco Court Beef Noodle,F&B,Unknown,1
The Pack Protein & Salad bar,F&B,Unknown,1
Folks Collective & Slurp Noodle Bar,F&B,Unknown,1
Chef Foong Restaurant,F&B,Unknown,1
IM-EM Thai Kitchen,F&B,Unknown,1
Hao Lai Ke,F&B,Unknown,1
FM Food Master,F&B,Unknown,1
Ha Jun,F&B,Unknown,1
EPIKebabs,F&B,Unknown,1
Banzai Izakaya Live House,F&B,Unknown,1
Steam By Local Coffee People,F&B,Unknown,1
Martina's Kitchen,F&B,Unknown,1
Nai Nai Flavour,F&B,Unknown,1
Heritage Tanglin Puff,F&B,Unknown,1
Gado & Grill,F&B,Unknown,1
Delibowl Express,F&B,Unknown,1
Yum Yum Tod Tod,F&B,Unknown,1
Happy Bites by Swee Heng,F&B,Unknown,1
PrimaDeli,F&B,Unknown,1
COFFEESARANG,F&B,Unknown,1
CRAVE/Stuff'd,F&B,Unknown,1
KEBABCHI BIRYANI,F&B,Unknown,1
PANDA CHAN SNACK,F&B,Unknown,1
Toast & Roll,F&B,Unknown,1
Ji Xiang Everton,F&B,Unknown,1
Bibimbap! / Dosirak!,F&B,Unknown,1
SGFR Store,F&B,Unknown,1
Eighteen Chefs,F&B,Unknown,1
Tip Top,F&B,Singaporean,1
XiaoLongKan Hotpot,F&B,Unknown,1
BUTTER STUDIO,F&B,Unknown,1
JOY LUCK TEAHOUSE,F&B,Unknown,1
Hey! Yakiniku,F&B,Unknown,1
Tangled Fresh Pasta To Go,F&B,Unknown,1
IRVINS,F&B,Unknown,1
Shinfuni 幸芙妮,F&B,Unknown,1
MARU MOCHI,F&B,Unknown,1
THACHANG SG,F&B,Unknown,1
MM 满巍明生炸鸡架,F&B,Unknown,1
Crystal Jade La Mian Xiao Long Bao,F&B,Unknown,1
Nam Kee JB Handmade Pau,F&B,Unknown,1
ALLEY.WEI TEPPAN-YAKI,F&B,Unknown,1
Tokyo Shokudo Bistro,F&B,Unknown,1
PHO VIETZ,F&B,Unknown,1
Gochiya,F&B,Unknown,1
YANG'S DUMPLING,F&B,Unknown,1
BU ER CLASSMATE,F&B,Unknown,1
Kai Oh Don海王,F&B,Unknown,1
KANEMOCHI,F&B,Unknown,1
Umeya,F&B,Unknown,1
Pizza Maru,F&B,Unknown,1
Pratunam Plus,F&B,Unknown,1
Marutama Ra-men,F&B,Unknown,1
Una Una,F&B,Unknown,1
Ramen Champion,F&B,Unknown,1
Meow Barbecue,F&B,Unknown,1
LAU WANG CLAYPOT,F&B,Unknown,1
AZUL at Golden Village,F&B,Unknown,1
MICUN Bibimbap,F&B,Unknown,1
New Manlee Bak Kut Teh,F&B,Unknown,1
JINJJA!! CHICKEN DINER,F&B,Unknown,1
SCRAMBLED EGG RICE KEISUKE,F&B,Unknown,1
SIDES,F&B,Unknown,1
XITA LAO TAITAI,F&B,Unknown,1
KIMCHI MAMA,F&B,Unknown,1
CHICK-FIL-A,F&B,Unknown,1
iMANGO,F&B,Unknown,1
Capital,F&B,Unknown,1
Little Saigon,F&B,Unknown,1
Tomo Tokyo,F&B,Unknown,1
Verve Pizza Bar,F&B,Unknown,1
WAREHOUSE,F&B,Unknown,1
Gabbar Bistro Bar,F&B,Unknown,1
Here Kitty Kitty,F&B,Unknown,1
BBQ Box Prime,F&B,Unknown,1
Monster Fish,F&B,Unknown,1
Fu Lin Restaurant & Bar,F&B,Unknown,1
Rico Rico,F&B,Unknown,1
Seafood Paradise,F&B,Unknown,1
Chapters by Drinks & Co.,F&B,Unknown,1
Nana Thai Royale,F&B,Unknown,1
Grand Konak Turkish and Lebanese Cuisine,F&B,Unknown,1
Home,F&B,Unknown,1
Helen's,F&B,Unknown,1
Coco Lato,F&B,Unknown,1
Chupitos,F&B,Unknown,1
Cuba Libre Cafe & Bar,F&B,Unknown,1
Harry’s,F&B,Unknown,1
Octapas by El Mesa,F&B,Unknown,1
Red House Seafood Nanyang,F&B,Unknown,1
RedTail Bar By Zouk,F&B,Unknown,1
East Treasure,F&B,Unknown,1
The Riverhouse,F&B,Unknown,1
Hanjip Korean Grill House,F&B,Unknown,1
Jules Epicurean French Cuisine,F&B,Unknown,1
Fu Yuan Teochew Dining,F&B,Unknown,1
Pita Tree Kebabs,F&B,Unknown,1
Kopi & Spells,F&B,Unknown,1
Malayan Settlement,F&B,Unknown,1
The Coffee Scene,F&B,Unknown,1
Waffle Up,F&B,Unknown,1
YANG Club,F&B,Unknown,1
BALIthai,F&B,Unknown,1
Hei Sushi,F&B,Unknown,1
Pontian Mee,F&B,Unknown,1
Wan Chai Hong Kong Tea Room,F&B,Unknown,1
Fu Lin Fried Yong Tofu,F&B,Unknown,1
Andes by Astons,F&B,Unknown,1
Lao Jiang Superior Soup,F&B,Unknown,1
BANTIANYAO GRILLED FISH 半天妖烤鱼,F&B,Unknown,1
Makan Street 福满街,F&B,Unknown,1
Hong Kong Egglet & Nam Kee JB Handmade Pau,F&B,Unknown,1
Do Qoo 豆趣,F&B,Unknown,1
PEPPER GRILL,F&B,Unknown,1
Paad Paad Tha!,F&B,Unknown,1
PASTA EXPRESS +,F&B,Unknown,1
Mama Klang,F&B,Unknown,1
Batter Catch,F&B,Unknown,1
Ambush,F&B,Unknown,1
TamJai SamGor Mixian,F&B,Unknown,1
GRUB,F&B,Unknown,1
Saybons French Food Factory,F&B,Unknown,1
4 Fingers Crispy Chicken,F&B,Unknown,1
Serangoon BBQ & Curry since 1983,F&B,Unknown,1
Seoul Noodle,F&B,Unknown,1
Hainanese Curry Rice,F&B,Unknown,1
Miss Tea,F&B,Unknown,1
Tori Story,F&B,Unknown,1
JUEWEI BRAISED SNACKS,F&B,Unknown,1
Cajun On Wheels,F&B,Unknown,1
Nanjing Impressions,F&B,Unknown,1
Secret Recipe,F&B,Unknown,1
Typhoon Cafe,F&B,Unknown,1
Tamoya Udon,F&B,Unknown,1
Aki Sushi & Grill,F&B,Unknown,1
Killiney Since 1919,F&B,Unknown,1
GyoGyo Japanese Grilled Fish & Sukiyaki,F&B,Unknown,1
The Sushi Bar,F&B,Unknown,1
Chiyoda Sushi,F&B,Unknown,1
BIZEN Wagyu & Salad Bar,F&B,Unknown,1
Manna,F&B,Unknown,1
Nana's Green Tea,F&B,Unknown,1
Nam Kee,F&B,Unknown,1
Cô Chung,F&B,Unknown,1
PM+ by Pizza Maru / Chego by Seoul Yummy,F&B,Unknown,1
The JellyHearts,F&B,Unknown,1
Paper Rice Vietnamese Kitchen,F&B,Unknown,1
Bashu Sichuan Cuisine,F&B,Unknown,1
Tsuzumi Dango つづみ団子,F&B,Unknown,1
M'Burger Inn,F&B,Unknown,1
Asian Market Cafe,F&B,Unknown,1
Hyang-To-Gol,F&B,Unknown,1
Nespresso,F&B,Unknown,1
Prego,F&B,Unknown,1
Sufood,F&B,Unknown,1
The Cookie Museum,F&B,Unknown,1
The Stamford Brasserie,F&B,Unknown,1
SKAI,F&B,Unknown,1
SKAI Bar,F&B,Unknown,1
The Eight,F&B,Unknown,1
Milkfish,F&B,Unknown,1
Paris Baguette x teatra,F&B,Unknown,1
Asia Grand Restaurant,F&B,Unknown,1
LUCIA The Brownie Bar,F&B,Unknown,1
BROTHERBIRD BAKEHOUSE,F&B,Unknown,1
WO WO DIAN 窝窝店 百年包子,F&B,Unknown,1
MoVida Singapore,F&B,Unknown,1
ANTI:DOTE,F&B,Unknown,1
JAAN BY KIRK WESTAWAY,F&B,Unknown,1
Lee Wee & Brothers' Foodstuff,F&B,Unknown,1
O'Coffee Club,F&B,Unknown,1
PUTIEN Restaurant,F&B,Unknown,1
Shahi Maharani North Indian Restaurant,F&B,Unknown,1
Wooloomooloo Steak House,F&B,Unknown,1
TWG Tea Salon & Boutique,F&B,Unknown,1
Koji Sushi Bar,F&B,Unknown,1
CLOVE,F&B,Unknown,1
MENSHO TOKYO SG,F&B,Unknown,1
Go Ba! 果霸茶,F&B,Unknown,1
"Grand Cru, Wine Concierge",F&B,Unknown,1
GO UNIQUE - 有间面馆 GO NOODLE HOUSE,F&B,Unknown,1
Homm Dessert at Heart,F&B,Unknown,1
Bon Broth,F&B,Unknown,1
DOMO Modern Japanese,F&B,Unknown,1
ARTEASG,F&B,Unknown,1
SPICY NOODLE 銷魂麵舖,F&B,Unknown,1
The Food Place by Food Republic,F&B,Unknown,1
Simply Wrapps,F&B,Unknown,1
BLUEBIRD TRAVEL 青鳥旅行,F&B,Unknown,1
Sushidan,F&B,Unknown,1
Taste Ipoh,F&B,Unknown,1
ThaiExpress,F&B,Unknown,1
sio pasta,F&B,Unknown,1
Lola's,F&B,Unknown,1
Ging Sun Ho King of Bun,F&B,Unknown,1
Lao Huo Tang Signature,F&B,Unknown,1
Seorae Jib / Pocha! Korean Street Dining,F&B,Unknown,1
saap saap thai x kaffe & toast,F&B,Unknown,1
Teppan-yaki x Alley Wei,F&B,Unknown,1
Kuan Zhai Alley 宽窄巷子,F&B,Unknown,1
ROYCE,F&B,Unknown,1
YEAH GELATO 野人先生,F&B,Unknown,1
Steak 99 Plus,F&B,Unknown,1
Anjappar,F&B,Unknown,1
Kushiya,F&B,Unknown,1
MUN ZUK,F&B,Unknown,1
Hundred Acre Creamery,F&B,Unknown,1
Buta Kizoku,F&B,Unknown,1
Green Delights,F&B,Unknown,1
Bebek Goreng Pak Ndut,F&B,Unknown,1
NEXT SHIKAKU,F&B,Unknown,1
Giraffa,F&B,Unknown,1
My Kampung,F&B,Unknown,1
DONQ ÉDITER,F&B,Unknown,1
Mini One,F&B,Unknown,1
Bao's Pastry 鲍师傅糕点,F&B,Unknown,1
LE Congee & Noodle House,F&B,Unknown,1
Sagye Lite,F&B,Unknown,1
Oriental Food 东方美食,F&B,Unknown,1
Niku Niku Oh!! Kome,F&B,Unknown,1
Gyukatsu 99,F&B,Unknown,1
A Gan Guo Kui,F&B,Unknown,1
PPP Coffee,F&B,Unknown,1
The Oyster Bank,F&B,Unknown,1
Churros Republic,F&B,Unknown,1
Little Ribbons Pasta Co.,F&B,Unknown,1
Big Appetite,F&B,Unknown,1
Raffles Coffee and Toast (瑞福),F&B,Unknown,1
Trehaus Café,F&B,Unknown,1
Noodle Star K,F&B,Unknown,1
Happy Cup,F&B,Unknown,1
Seoul Bunsik,F&B,Unknown,1
The Upper House,F&B,Unknown,1
Mingle,F&B,Unknown,1
Flavours by Saute,F&B,Unknown,1
GODMAMA,F&B,Unknown,1
Sinpopo Brand,F&B,Unknown,1
Yan Ji Gourmet Seafood Soup,F&B,Unknown,1
Miss Tang's Rice Noodle 唐大小姐小锅米线,F&B,Unknown,1
Retroholics by Tin Box,F&B,Unknown,1
Hai Kah Lang,F&B,Unknown,1
RUXU入续,F&B,Unknown,1
Pop Thai,F&B,Unknown,1
Kuan Zhai 宽窄碗碗香,F&B,Unknown,1
Hakka Bond 客家帮,F&B,Unknown,1
Good Day Bakery,F&B,Unknown,1
Ah Ma Chi Mian,F&B,Unknown,1
Annabella Patisserie,F&B,Unknown,1
Bagus by Kopitiam,F&B,Unknown,1
Laaziiz,F&B,Unknown,1
MUNCHI PANCAKES / ALC RICEBOWLS,F&B,Unknown,1
Nelly's Retro Snacks,F&B,Unknown,1
Nomad Ventures,F&B,Unknown,1
Super Sushi / Butter Studio,F&B,Unknown,1
Tiong Bahru Jian Bo Shui Kueh,F&B,Unknown,1
Wang Lu Hotpot,F&B,Unknown,1
Alley.Wei,F&B,Unknown,1
Arnold's Fried Chicken,F&B,Unknown,1
Bagus Food Hall by Kopitiam,F&B,Unknown,1
Ban Heng Teochew Porridge,F&B,Unknown,1
Bugis Xin Yuan Ji,F&B,Unknown,1
Chao Yue Xuan Dim Sum Express,F&B,Unknown,1
ChaPanda 茶百道,F&B,Unknown,1
CocoNutnut,F&B,Unknown,1
Crolo,F&B,Unknown,1
Fa Ji Lao Wan Mian,F&B,Unknown,1
Feng Food,F&B,Unknown,1
HaiDiLao,F&B,Unknown,1
Hatsumi Donburi & Soba,F&B,Unknown,1
Hockhua Herbal Tea,F&B,Unknown,1
@i MANGO COTTON ICE FRESH MILK TEA OMELETTE RICE,F&B,Unknown,1
Jianghu Hotpot,F&B,Unknown,1
Joe & Dough,F&B,Unknown,1
Komala's,F&B,Unknown,1
Nakhon Kitchen,F&B,Unknown,1
Pizza Nation,F&B,Unknown,1
Riverside Canton Claypot Cuisine,F&B,Unknown,1
Sakon Thai,F&B,Unknown,1
Sakunthala's Restaurant,F&B,Unknown,1
SEORAE Korean Charcoal BBQ,F&B,Unknown,1
Sharetea Premium,F&B,Unknown,1
Shu Liu Xiang,F&B,Unknown,1
Sichuan Chef,F&B,Unknown,1
snacKING Retro Biscuits Express,F&B,Unknown,1
Suparakki Ramen,F&B,Unknown,1
The Kind Bowl,F&B,Unknown,1
The SGFR Store,F&B,Unknown,1
Tous les Jours,F&B,Foreign,1
Xi Chuan Chuan 喜串串,F&B,Unknown,1
Yappari Steak,F&B,Unknown,1
YAYOI,F&B,Unknown,1
Yummi House,F&B,Unknown,1
Buddy Hoagies Café & Grill,F&B,Unknown,1
Chocolate Origin & Cacaocat,F&B,Unknown,1
Red Ginger Coffeehouse,F&B,Unknown,1
Towkay Kia,F&B,Unknown,1
Twenty Loaf Toasties,F&B,Unknown,1
Wanglu Hot Pot,F&B,Unknown,1
Wen Zhang Lao Mian,F&B,Unknown,1
CHURN,F&B,Unknown,1
AMACHA 阿嬷茶语,F&B,Unknown,1
An Açaí Affair,F&B,Unknown,1
BROTHERBIRD,F&B,Unknown,1
Cafe Bom Bom,F&B,Unknown,1
Haruyama Udon®,F&B,Unknown,1
Hong Kong Egglet / Nam Kee Pau,F&B,Unknown,1
Killiney Coffee Cafe,F&B,Unknown,1
Mei Kee Bakery,F&B,Unknown,1
OPPA Bibimbap,F&B,Unknown,1
Saute Saranghae,F&B,Unknown,1
Sinpopo,F&B,Unknown,1
Create By The Alley,F&B,Unknown,1
Tun Xiang,F&B,Unknown,1
Yamazaki Boulangerie Chaude,F&B,Unknown,1
50 Years Taste Of Tradition,F&B,Unknown,1
8 Clover by Bakery Cuisine,F&B,Unknown,1
Abundance,F&B,Unknown,1
Bae.gal by Swee Heng,F&B,Unknown,1
Bober Tea,F&B,Unknown,1
Four Seasons Durians,F&B,Unknown,1
Golden Chopsticks,F&B,Unknown,1
Mr You Tiao,F&B,Unknown,1
Swee Choon,F&B,Unknown,1
Teahouse by Soup Restaurant,F&B,Unknown,1
The Food Market by Food Junction,F&B,Unknown,1
The MeatHouse by 18 Chefs,F&B,Unknown,1
Tip Top Curry Puff,F&B,Unknown,1
Wok The Fish!,F&B,Unknown,1
Foodies’ Garden,F&B,Unknown,1
HAPPY BITES,F&B,Unknown,1
Kyoto Onimaru,F&B,Unknown,1
Ajisen,F&B,Unknown,1
Du Du Dumplings,F&B,Unknown,1
Hoe Nam Vintage,F&B,Unknown,1
PUTIEN MAMA,F&B,Unknown,1
Sakon Thai Village,F&B,Unknown,1
Shi Li Fang Hot Pot,F&B,Unknown,1
Zuya Vegetarian,F&B,Unknown,1
Men Men Don Don,F&B,Unknown,1
Nanyang Bliss,F&B,Unknown,1
Shi Li Fang Hot Pot & One Pot,F&B,Unknown,1
Spicy Chef,F&B,Unknown,1
XCYD,F&B,Unknown,1
Zheng Nan Qi Bai and Dong Lai Handmade Fresh Buns Shop,F&B,Unknown,1
49 Seats,F&B,Unknown,1
Auntie Ashley,F&B,Unknown,1
Bird Avenue,F&B,Unknown,1
Fire Ramen,F&B,Unknown,1
GoroGoro Steamboat & Korean Buffet,F&B,Unknown,1
Gyushi,F&B,Unknown,1
Ji Xiang Kueh,F&B,Unknown,1
Song Gye Ok,F&B,Unknown,1
Veggie House,F&B,Unknown,1
HANS IM GLÜCK,F&B,Unknown,1
Paik's Bibim,F&B,Unknown,1
Bornga,F&B,Unknown,1
SF Juice,F&B,Unknown,1
Tajimaya Yakiniku / Suki-Ya KIN / MASH,F&B,Unknown,1
Project Acai,F&B,Unknown,1
xxx123,F&B,Unknown,1
Will this appear,F&B,Unknown,1
Test 1206,F&B,Unknown,1
Levi’s®,F&B,Foreign,1
Halal Test,F&B,Unknown,1
Earle Swensen's,F&B,Unknown,1
Crystal Jade Dining IN,F&B,Unknown,1
BT21 Bubble Squad Walk 2025 - Race Pack Collection & Race Day Carnival,F&B,Unknown,1
1earn,F&B,Unknown,1
谭木匠 Tan Mujiang,F&B,Unknown,1
Testing 7,F&B,Unknown,1
testing 4,F&B,Unknown,1
Testing 3,F&B,Unknown,1
Store Testing,F&B,Unknown,1
GATTEN SUSHI,F&B,Unknown,1
KYO WATAMI,F&B,Unknown,1
OSTERIA MOZZA,F&B,Unknown,1
1-ATICO BY 1-ALTITUDE,F&B,Unknown,1
7-ELEVEN,F&B,Foreign,1
BAO BAO,F&B,Unknown,1
CAFE NESUTO,F&B,Unknown,1
CINNABON,F&B,Unknown,1
COMMON MAN COFFEE ROASTERS ON THE GO,F&B,Unknown,1
DONQ EDITER/MINI ONE,F&B,Unknown,1
Eu Yan Sang,F&B,Singaporean,1
FOOD OPERA,F&B,Unknown,1
HANG HEUNG HONG KONG,F&B,Unknown,1
IMPERIAL TREASURE FINE TEOCHEW CUISINE,F&B,Unknown,1
IMPERIAL TREASURE HUAIYANG CUISINE,F&B,Unknown,1
LETAO / TOKYO MILK CHEESE FACTORY,F&B,Unknown,1
LIM CHEE GUAN,F&B,Unknown,1
MOS JAPANESE FINE FOODS,F&B,Unknown,1
PLAIN VANILLA,F&B,Unknown,1
POULET + BRASSERIE,F&B,Unknown,1
PUZZLE COFFEE,F&B,Unknown,1
TASTE PARADISE,F&B,Unknown,1
TEMPURA TENDON TENYA,F&B,Unknown,1
THE MARMALADE PANTRY,F&B,Unknown,1
VIOLET OON SINGAPORE,F&B,Unknown,1
ActionCity Café,F&B,Unknown,1
Arteastiq,F&B,Unknown,1
Bazil Kitchen [Indian Cuisine],F&B,Unknown,1
Beryl's Chocolate,F&B,Unknown,1
Birds of Paradise,F&B,Unknown,1
Café Kitsuné,F&B,Unknown,1
Chow Zan Dessert,F&B,Unknown,1
Coucou Hotpot.Brew Tea,F&B,Unknown,1
Creamie Sippies,F&B,Unknown,1
Elfuego by COLLIN’S®,F&B,Unknown,1
Gelatissimo,F&B,Unknown,1
Greendot Plus,F&B,Unknown,1
Gwangjang GAON,F&B,Unknown,1
Hitoyoshi Izakaya,F&B,Unknown,1
Hoshino Coffee Japanese Café & Restaurant,F&B,Unknown,1
Ipoh Town 怡保城茶室,F&B,Unknown,1
Jack's Place,F&B,Unknown,1
Kam's Roast,F&B,Unknown,1
KANE MOCHI,F&B,Unknown,1
Kantin,F&B,Unknown,1
Lady M,F&B,Unknown,1
LeMa Dumpling,F&B,Unknown,1
Lotteria,F&B,Unknown,1
Monarchs & Milkweed,F&B,Unknown,1
Naixue,F&B,Unknown,1
Nesuto,F&B,Unknown,1
Nong Geng Ji,F&B,Unknown,1
NY Char Grill,F&B,Unknown,1
PAUL Bakery & Restaurant,F&B,Unknown,1
Pop Play Planet Cafe,F&B,Unknown,1
Poulet Bijou,F&B,Unknown,1
Royal Host,F&B,Unknown,1
Sampanman Kelong Changi,F&B,Unknown,1
SugarBelly,F&B,Unknown,1
SUKIYA. Gyudon. Curry,F&B,Unknown,1
The Coach Restaurant,F&B,Unknown,1
The Hainan Story,F&B,Unknown,1
Toast Box & Thye Moh Chan,F&B,Unknown,1
Tokyo Milk Cheese Factory & Cow Cow Kitchen,F&B,Unknown,1
Treasures Yi Dian Xin,F&B,Unknown,1
Tsuta Japanese Soba Noodles,F&B,Unknown,1
Wa-En Wagyu Yakiniku,F&B,Unknown,1
Wu Fang Zhai,F&B,Unknown,1
Yun Nans,F&B,Unknown,1
3 LITTLE GIRLS,F&B,Unknown,1
ARMOURY STEAKS AND CRAFT BEER,F&B,Unknown,1
CAFE ONE O,F&B,Unknown,1
CLAYFUL CAFE,F&B,Unknown,1
DANCING CRAB,F&B,Unknown,1
DE TASTE,F&B,Unknown,1
FYP,F&B,Unknown,1
GANGNAM STORY,F&B,Unknown,1
HELEN'S ORCHARD CENTRAL,F&B,Unknown,1
HUMBLE SEEDS,F&B,Unknown,1
HUO LU HUO 火炉火,F&B,Unknown,1
K. COOK KOREAN BBQ BUFFET,F&B,Unknown,1
KEUM EUN DON,F&B,Unknown,1
KIMCHI DINING,F&B,Unknown,1
KISEKI JAPANESE BUFFET RESTAURANT,F&B,Unknown,1
KUMACHAN ONSEN,F&B,Unknown,1
MACCHA HOUSE,F&B,Foreign,1
MOLLY TEA,F&B,Unknown,1
NANTSUTTEI,F&B,Unknown,1
NOTHING BUT CHEESEBURGER (NBCB),F&B,Unknown,1
REAL FOOD,F&B,Unknown,1
TANUKI RAW,F&B,Unknown,1
TENYA,F&B,Unknown,1
TUNG LOK PEKING DUCK,F&B,Unknown,1
TUNG LOK SEAFOOD RESTAURANT,F&B,Unknown,1
YO-CHI,F&B,Unknown,1
AZABU SABO HOKKAIDO ICE-CREAM SHOP,F&B,Unknown,1
BANH MI SOCIETY,F&B,Unknown,1
CASABITES,F&B,Unknown,1
CHEF X @ CLARKE QUAY CENTRAL,F&B,Unknown,1
CHIA PUDDIES,F&B,Unknown,1
CRAFTSMEN SPECIALTY COFFEE,F&B,Unknown,1
E!GHT KOREAN BBQ,F&B,Unknown,1
HITOYOSHI YOSHI SUSHI,F&B,Unknown,1
L'ATELIER TIRAMISU,F&B,Unknown,1
MADLYGOOD JAPANESE CAFE,F&B,Unknown,1
MAN MAN JAPANESE UNAGI RESTAURANT,F&B,Unknown,1
MITSUBA JAPANESE RESTAURANT,F&B,Unknown,1
NG AH SIO BAK KUT TEH,F&B,Unknown,1
NOMVNOM BISTRO,F&B,Unknown,1
ONI KIMBAP / OBBA JJAJANG EXPRESS,F&B,Unknown,1
PANDA CHAN,F&B,Unknown,1
PIZZA KITA,F&B,Unknown,1
RENDEZVOUS RESTAURANT HOCK LOCK KEE,F&B,Unknown,1
SINFOODIE FOOD COURT,F&B,Unknown,1
SQUE ROTISSERIE & ALEHOUSE,F&B,Unknown,1
SUSHI KENSHIN,F&B,Unknown,1
TENDON KOHAKU,F&B,Unknown,1
THE ACAI TEAHOUSE,F&B,Unknown,1
TSUI WAH RESTAURANT,F&B,Unknown,1
TUNG LOK SIGNATURES,F&B,Unknown,1
YI FANG TAIWAN FRUIT TEA,F&B,Unknown,1
小燕子番茄火锅 TOMATO HOTPOT,F&B,Unknown,1
BREAD & HEARTH,F&B,Unknown,1
BURRATA JOY AND GUSTAVO LAPASTA,F&B,Unknown,1
HIKARU OMAKASE,F&B,Unknown,1
LE PETIT KATONG,F&B,Unknown,1
REE.CONNECT BY REE AND MUMMY,F&B,Unknown,1
THE CANOPY CAFE,F&B,Unknown,1
YUN GA TRADITIONAL KOREAN RESTAURANT,F&B,Unknown,1
NAPOLIZZ PIZZA,F&B,Unknown,1
PICNIC @ GREENWICH V,F&B,Unknown,1
CHONG QING GRILLED FISH,F&B,Unknown,1
IO ITALIAN OSTERIA,F&B,Unknown,1
JIAK,F&B,Unknown,1
JO-YI BAKERY,F&B,Unknown,1
SHE SELLS SEASHELLS,F&B,Unknown,1
TANDOORI CULTURE,F&B,Unknown,1
A KITCHEN,F&B,Unknown,1
CAPTAIN KIM KOREAN BBQ & HOTPOT,F&B,Unknown,1
JIANG HU MAO CAI,F&B,Unknown,1
ROTIKEK,F&B,Unknown,1
SPRINGLEAF PRATA PLACE,F&B,Unknown,1
A-ONE EXPRESS,F&B,Unknown,1
MR BEAN / DO QOO,F&B,Unknown,1
alittle 1㸃㸃,F&B,Unknown,1
AMIYAKI,F&B,Unknown,1
BARA INDONESIAN GRILLED RICE,F&B,Unknown,1
BEIJU EXPRESS,F&B,Unknown,1
BEST EMPLOYEE FRIED CHICKEN,F&B,Unknown,1
COFFEE HIVE,F&B,Unknown,1
COFFEEMAN,F&B,Unknown,1
HINOYA TEPPANYAKI,F&B,Unknown,1
IM JAI BY PUN IM,F&B,Unknown,1
KAFEY HAUS,F&B,Unknown,1
MA-LAB,F&B,Unknown,1
MIRAKU,F&B,Unknown,1
NICK VINA ARTISAN BAKERY,F&B,Unknown,1
PARK BÄCKEREI,F&B,Unknown,1
SONA'S GRILL,F&B,Unknown,1
THAI BOWL BY THAI SALAD BOWL,F&B,Unknown,1
THE PUBLIC IZAKAYA 2,F&B,Unknown,1
THE SHELF SIDE,F&B,Unknown,1
THE STRAITS WINE COMPANY,F&B,Unknown,1
TOKYO SOBA,F&B,Unknown,1
TWO MEN BAGEL HOUSE,F&B,Unknown,1
UNAGI VS SALMON,F&B,Unknown,1
TEALER,F&B,Unknown,1
88 HONG KONG ROAST MEAT SPECIALIST,F&B,Unknown,1
ASAP & CO,F&B,Unknown,1
BREAK AND BAKE,F&B,Unknown,1
BUNS & BOOZE (COMING SOON),F&B,Unknown,1
CAPASSO,F&B,Unknown,1
CHAO TING,F&B,Unknown,1
FOURGATHER,F&B,Unknown,1
GWANGHWAMUN MIJIN,F&B,Unknown,1
HELLU COFFEE,F&B,Unknown,1
HUMMINGBIRD,F&B,Unknown,1
IKKOTEN,F&B,Unknown,1
JIAK BA FOOD HEAVEN,F&B,Unknown,1
KEONBAE,F&B,Unknown,1
KURA OYSTER & HIGHBALL BAR,F&B,Unknown,1
MISS G'S GRILL & BAR,F&B,Unknown,1
OFFBEAT BY COQ & BALLS,F&B,Unknown,1
OLLELLA,F&B,Unknown,1
ONORI,F&B,Unknown,1
PAGI SORE INDONESIAN RESTAURANT,F&B,Unknown,1
RÖSTII,F&B,Unknown,1
SIX HANDS,F&B,Unknown,1
SUPER KITCHEN CHILLI PAN MEE,F&B,Unknown,1
THE WIRED MONKEY SG,F&B,Unknown,1
UM YONG BAEK,F&B,Unknown,1
YIN JI 银记肠粉店,F&B,Unknown,1
YOASOBI BY KANPAI,F&B,Unknown,1
ZUI YU XUAN TEOCHEW CUISINE,F&B,Unknown,1
BREWERKZ RESTAURANT AND MICROBREWERY,F&B,Unknown,1
OCHE,F&B,Unknown,1
THE CRAIC HOUSE,F&B,Unknown,1
WINGS BAR & GRILL,F&B,Unknown,1
HAPPY LAMB,F&B,Unknown,1
TORIO JAPANESE RESTAURANT,F&B,Unknown,1
CAFFE BEVIAMO,F&B,Unknown,1
CAFFEINEXPRESS,F&B,Unknown,1
COCOBELLA LIFEBAR,F&B,Unknown,1
FIREPLACE BY BEDROCK,F&B,Unknown,1
GINKYŌ BY KINKI,F&B,Unknown,1
HIPPOT 潮爷来了,F&B,Unknown,1
KNOTS FLOWERS AND MORE,F&B,Unknown,1
LAU WANG CLAYPOT LEGACY,F&B,Unknown,1
LO HEY HK SEAFOOD,F&B,Unknown,1
SNACKFIRST,F&B,Unknown,1
SOURBOMBE BAKERY,F&B,Unknown,1
SOUTH BANK,F&B,Unknown,1
SURREY HILLS GROCER ONE HOLLAND VILLAGE,F&B,Unknown,1
WOOBBEE,F&B,Unknown,1
WUSHILAND,F&B,Unknown,1
YATSUDOKI,F&B,Unknown,1
BA GUO GRILLED FISH,F&B,Unknown,1
FISH MART SAKURAYA,F&B,Unknown,1
GINKAKUJI ONISHI,F&B,Unknown,1
HOMESTYLE CHINA,F&B,Unknown,1
OISHII BAKERY,F&B,Unknown,1
SAIGON LEGEND,F&B,Unknown,1
SHA XIAN DELICACIES,F&B,Unknown,1
SUNNY KOREAN CUISINE,F&B,Unknown,1
TRICOW HOTPOT & BBQ BUFFET,F&B,Unknown,1
US PIZZA,F&B,Unknown,1
WEST CO'Z CAFE,F&B,Unknown,1
CHICKEN HOTPOT,F&B,Unknown,1
COFFEE HIVE SIGNATURES,F&B,Unknown,1
D'LIFE SIGNATURE,F&B,Unknown,1
HANSANG KOREAN FAMILY RESTAURANT,F&B,Unknown,1
IJOOZ,F&B,Unknown,1
INDOSOUP PADANG,F&B,Unknown,1
ITACHO SUSHI,F&B,Unknown,1
LAO BEIJING,F&B,Unknown,1
MR YOUTIAO,F&B,Unknown,1
ONCE UPON A THYME,F&B,Unknown,1
SUPER FRIED RICE,F&B,Unknown,1
TON COFFEE,F&B,Unknown,1
TUNG LOK TEAHOUSE,F&B,Unknown,1
WEWA,F&B,Unknown,1
Ayo Kimbap,F&B,Unknown,1
Brio,F&B,Unknown,1
Cai Lin Ji,F&B,Unknown,1
Cantine,F&B,Unknown,1
Farmer's Brew,F&B,Unknown,1
GoGo Franks,F&B,Unknown,1
Hai Di Lao,F&B,Unknown,1
Hokkaido Baked Cheese Tarts,F&B,Unknown,1
Idaten Udon (&JOY Japanese Food Street),F&B,Unknown,1
Ji De Chi,F&B,Unknown,1
Jinjja Kitchen,F&B,Unknown,1
Jo's Cha,F&B,Unknown,1
McDonald's and McCafe,F&B,Unknown,1
Muhan Sikdang,F&B,Unknown,1
Muyoo+,F&B,Unknown,1
Oriental Herbal Tea,F&B,Unknown,1
QQ Rice,F&B,Unknown,1
Ramen Kiou (&JOY Japanese Food Street),F&B,Unknown,1
Sampanman,F&B,Unknown,1
Shiok Cup,F&B,Unknown,1
Skythai Fastfood,F&B,Unknown,1
Summer Acai,F&B,Unknown,1
Swee Heng Classic 1989,F&B,Unknown,1
Tang Tang Malatang,F&B,Unknown,1
Thai Market By Thai Supermarket,F&B,Unknown,1
The Hainan Story Chapter Three,F&B,Unknown,1
Tong Heng,F&B,Unknown,1
Tsukimi Hamburg(&JOY Japanese Food Street),F&B,Unknown,1
Wadori (&JOY Japanese Food Street),F&B,Unknown,1
WAttention Plaza Japanese Kiosks Gyomu Japan Mart,F&B,Unknown,1
Xin Yuan Ji,F&B,Unknown,1
Yaki Yaki Bo (&JOY Japanese Food Street),F&B,Unknown,1
1A Heritage,F&B,Unknown,1
Big Pasta Small Pasta,F&B,Unknown,1
Herbal Tea,F&B,Unknown,1
LiHO Tea / Gong Yuan Ma La Tang,F&B,Unknown,1
Mini Bae,F&B,Unknown,1
Prata Raya,F&B,Unknown,1
Qi Le Boneless Chicken Rice,F&B,Unknown,1
Randy Indulgence Acai Bar,F&B,Unknown,1
Ritz Apple Strudel & Pastry,F&B,Unknown,1
Seremban Kee Mei Siew Pow,F&B,Unknown,1
SF,F&B,Unknown,1
Snack Box,F&B,Unknown,1
Stuff'd More,F&B,Unknown,1
Swee Choon Express,F&B,Unknown,1
Thai Baang,F&B,Unknown,1
Yummi Bites,F&B,Unknown,1
Zhong Yan Tang,F&B,Unknown,1
爭鮮 GOGO,F&B,Unknown,1
老2靓汤 FAST SOUP,F&B,Unknown,1
Bistro Box by Uncle Penyet,F&B,Unknown,1
Hajime Tonkatsu & Ramen,F&B,Unknown,1
Heavenly Wang,F&B,Singaporean,1
Hokkaido-Ya,F&B,Unknown,1
Koufu,F&B,Singaporean,1
Nam Kee Pau & Hong Kong Egglet,F&B,Unknown,1
Peach Garden,F&B,Unknown,1
WANGXIAOZAN Hunan Cuisine,F&B,Unknown,1
Wonderful Bapsang,F&B,Unknown,1
@ i Mango,F&B,Unknown,1
Aunt MyeongDong,F&B,Unknown,1
Cedele Bakery Cafe,F&B,Unknown,1
Chef Vo Quoc Vietnamese Cuisines,F&B,Unknown,1
Eat Rich,F&B,Unknown,1
Fragrance Foodstuff,F&B,Unknown,1
Hankang Pocha,F&B,Unknown,1
Holla Juice & Acai,F&B,Unknown,1
Hummus House by Pita & Olives,F&B,Unknown,1
Jie Traditional Bakery,F&B,Unknown,1
Koi Cafe Express,F&B,Unknown,1
Kok Sen Restaurant,F&B,Unknown,1
Lai Lai Taiwan Casual Dining,F&B,Unknown,1
Rich & Good Cake Shop,F&B,Unknown,1
Saizeriya Ristorante E Caffe,F&B,Unknown,1
Saute-san,F&B,Unknown,1
Streats Cafe,F&B,Unknown,1
Super Dario Lasagne Cafe,F&B,Unknown,1
The Cake Shop,F&B,Unknown,1
Xiao Jiao Tian Sichuan Cuisine,F&B,Unknown,1
Yang Guo Fu Malatang,F&B,Unknown,1
BYD by 1826,F&B,Unknown,1
Chopstix & Rice,F&B,Unknown,1
FU LIN,F&B,Unknown,1
Guerilla Coffee,F&B,Unknown,1
Killiney Café,F&B,Unknown,1
Mai Ge Wen,F&B,Unknown,1
Matchaya,F&B,Unknown,1
MoreYogurt,F&B,Unknown,1
Olivia & Co.,F&B,Unknown,1
Signature KOI & KOI Thé,F&B,Unknown,1
Tim Hortons Coffee House Est. 1964,F&B,Unknown,1
Turkish Lezzet House,F&B,Unknown,1
Yong Xing Teochew Porridge,F&B,Unknown,1
GODIVA,F&B,Unknown,1
noci bakehouse,F&B,Unknown,1
The Cookie Museum at The Gallery,F&B,Unknown,1
AJ's Teh Tarik,F&B,Unknown,1
Café Usagi TOKYO,F&B,Unknown,1
Ichigo by Tea Cottage,F&B,Unknown,1
llao llao,F&B,Unknown,1
Mister Wheel,F&B,Unknown,1
Ningji,F&B,Unknown,1
Salmon Warrior,F&B,Unknown,1
SF Farm Mart,F&B,Unknown,1
SOTBOX,F&B,Unknown,1
FOOD ARENA by Yew Kee Group,F&B,Unknown,1
2GATHER,F&B,Unknown,1
Ameising Live House,F&B,Unknown,1
Beautiful Lai Grilled Fish (Lai Meili),F&B,Unknown,1
BGM,F&B,Unknown,1
Bibim Deli,F&B,Unknown,1
CHADA by Tin Box,F&B,Unknown,1
Chill by Vox,F&B,Unknown,1
Coucou Hot Pot Brew Tea & Tea Me Tea,F&B,Unknown,1
DeliTurk by Chef Celal,F&B,Unknown,1
Dookki,F&B,Unknown,1
Downstairs,F&B,Unknown,1
Echo (Coming Soon),F&B,Unknown,1
EN Yeoh’s Bak Kut Teh,F&B,Unknown,1
GLO (Coming Soon),F&B,Unknown,1
GOPIZZA,F&B,Unknown,1
Ichikokudo Ramen,F&B,Unknown,1
JYU LAE,F&B,Unknown,1
Karii,F&B,Unknown,1
Katsu-an,F&B,Unknown,1
Kebabchi Charcoal BBQ,F&B,Unknown,1
LINKUS HOKKIEN FLAVOR 临家,F&B,Unknown,1
Morganfield's,F&B,Unknown,1
NOCI,F&B,Unknown,1
Onggii,F&B,Unknown,1
OSG Bar + Kitchen,F&B,Unknown,1
Penang Place,F&B,Unknown,1
SBCD Korean Rice House,F&B,Unknown,1
Simply Retro by Tin Box,F&B,Unknown,1
SOTPOT,F&B,Unknown,1
Soup Cup,F&B,Unknown,1
SYNTHESIS,F&B,Unknown,1
Tamoya Udon and Tempura,F&B,Unknown,1
The Soup Expert,F&B,Unknown,1
TONSHOU,F&B,Unknown,1
True Cost,F&B,Unknown,1
Uncle Fong Hotpot Restaurant,F&B,Unknown,1
Vox,F&B,Unknown,1
Wonderful Bap Sang,F&B,Unknown,1
Yakiniku-GO Plus,F&B,Unknown,1
Yakitori ONE,F&B,Unknown,1
Yong Fu,F&B,Unknown,1
Zhou's Claypot Rice Noodles,F&B,Unknown,1
5:59,F&B,Unknown,1
An Nyeong,F&B,Unknown,1
At Tea,F&B,Unknown,1
Café de Paris,F&B,Unknown,1
CHACHAO,F&B,Unknown,1
Chimi's,F&B,Unknown,1
EATPIZZA,F&B,Unknown,1
Ichikokudo Hokkaido Ramen,F&B,Unknown,1
Kang Ji Sugar Coated Fruits,F&B,Unknown,1
Noodle Villa,F&B,Unknown,1
O'ma Spoon,F&B,Unknown,1
One Fermented Rice,F&B,Unknown,1
Riverside Indonesian BBQ,F&B,Unknown,1
Sake +,F&B,Unknown,1
Tsuta,F&B,Unknown,1
Vanda Botanical Desserts,F&B,Unknown,1
Wokker by A-Roy Thai Restaurant,F&B,Unknown,1
Xiao Noodles,F&B,Unknown,1
Boost Juice Bar,F&B,Unknown,1
Gyo Gyo,F&B,Unknown,1
Han's Union,F&B,Unknown,1
Hand In Hand Peking Duck Restaurant,F&B,Unknown,1
IKEA Swedish Restaurant and Bistro,F&B,Unknown,1
Jack's Place Steak House & Restaurant,F&B,Unknown,1
Kopitiam Food Hall,F&B,Unknown,1
Pratunam by Soi Thai Soi Nice,F&B,Unknown,1
Rumah Sayang,F&B,Unknown,1
Sen Sen Sushi by DON DON DONKI,F&B,Unknown,1
The Summer Acai,F&B,Unknown,1
Yew Kee Duck Rice,F&B,Unknown,1
A Beautiful Day Café,F&B,Unknown,1
Attap House,F&B,Unknown,1
Bites by Scarlett,F&B,Unknown,1
Chao Chao Xiang,F&B,Unknown,1
Chen's,F&B,Unknown,1
Chimichanga,F&B,Unknown,1
Donburi King 爆爆王 ばくばくおう,F&B,Unknown,1
elemen 元素™,F&B,Unknown,1
Fisher King's Grill,F&B,Unknown,1
Hanis Cafe & Bakery,F&B,Unknown,1
Jimmy Monkey,F&B,Unknown,1
KopiTime,F&B,Unknown,1
Kott-Don 360,F&B,Unknown,1
London Fat Duck,F&B,Unknown,1
Nene Neko,F&B,Unknown,1
NIKUTOSAKE,F&B,Unknown,1
Old Street Bak Kut Teh,F&B,Unknown,1
Pondok Jawa,F&B,Unknown,1
Salvo by Pasta Fresca,F&B,Unknown,1
smol,F&B,Unknown,1
Starbucks Reserve,F&B,Unknown,1
TAIER Sichuan Cusine,F&B,Unknown,1
Tanglin Cookhouse,F&B,Unknown,1
Tipsy Bird Gastrobar,F&B,Unknown,1
Tuk Tuk Cha,F&B,Unknown,1
TungLok Seafood,F&B,Unknown,1
UNAGA,F&B,Unknown,1
Western Mahua Noodles,F&B,Unknown,1
YM Bakery,F&B,Unknown,1
Yum Yum Thai,F&B,Unknown,1
Zing,F&B,Unknown,1
Aburi-EN Grand,F&B,Unknown,1
Akashi Japanese Restaurant,F&B,Unknown,1
Avenue on 3 Café,F&B,Unknown,1
Chalk Farm,F&B,Unknown,1
Chen's Kitchen,F&B,Unknown,1
coast & roast (Halal-Certified),F&B,Unknown,1
Coffee Bee by the coffee lab #5,F&B,Unknown,1
Crystal Jade Golden Palace,F&B,Unknown,1
H&C Cafe,F&B,Unknown,1
Janice Wong Singapore,F&B,Unknown,1
Kuroki,F&B,Unknown,1
Patisserie Woo,F&B,Unknown,1
Meat Co.,F&B,Unknown,1
O'Coffee Club Indulgence,F&B,Unknown,1
R-slice by Roberta's,F&B,Unknown,1
Sanchos taqueria (Halal-Certified),F&B,Unknown,1
Sanpoutei Ramen,F&B,Unknown,1
Shimbashi Soba,F&B,Unknown,1
Six Hands Daily,F&B,Unknown,1
Sláinte,F&B,Unknown,1
Song Fa Signatures,F&B,Unknown,1
Swish Rolls,F&B,Unknown,1
Tomacado,F&B,Unknown,1
Treasures - Yi Dian Xin by Imperial Treasure,F&B,Unknown,1
Ultimate Midas Meal,F&B,Unknown,1
Wu Pao Chun,F&B,Unknown,1
Bouillon Gavroche,F&B,Unknown,1
MODU Korean Restaurant,F&B,Unknown,1
D'RIM Korean Steak House,F&B,Unknown,1
Cafe Ma Maison,F&B,Unknown,1
Arteastiq Tea Lounge,F&B,Unknown,1
Sushi Ayumu by Masa Ishibashi,F&B,Unknown,1
YAKINIQUEST,F&B,Unknown,1
Blue Label Pizza & Wine,F&B,Unknown,1
Suju Japanese Restaurant,F&B,Unknown,1
Lawry's The Prime Rib,F&B,Unknown,1
Wild Honey,F&B,Unknown,1
Yan's Dining Fine Shanghai Cuisine,F&B,Unknown,1
Awfully Chocolate Experience Cafe,F&B,Unknown,1
Century Bakkwa,F&B,Unknown,1
Happy Lili Cafe,F&B,Unknown,1
JOMO,F&B,Unknown,1
LeTAO le chocolat,F&B,Unknown,1
MIKI MIZU,F&B,Unknown,1
Nya Nya,F&B,Unknown,1
Subway Niche,F&B,Unknown,1
AWFULLY CHOCOLATE CAFÉ,F&B,Unknown,1
BAKER'S BREW,F&B,Unknown,1
BANGKOK JAM,F&B,Unknown,1
FRENCH FOLD,F&B,Unknown,1
GINZA ANZU,F&B,Unknown,1
GREYBOX COFFEE,F&B,Unknown,1
HAKU SUSHI,F&B,Unknown,1
HOKKAIDO DOSANKO PLAZA MEIDI-YA,F&B,Unknown,1
IMPERIAL TREASURE BAR + GRILL,F&B,Unknown,1
IMPERIAL TREASURE CANTONESE CUISINE,F&B,Unknown,1
KAFFE & TOAST TO-GO,F&B,Unknown,1
KEDAIKUEKUE,F&B,Unknown,1
KOU TEPPAN,F&B,Unknown,1
KURIYA DINING,F&B,Unknown,1
MAVRX COFFEE,F&B,Unknown,1
MOON JUICE KOMBUCHA,F&B,Unknown,1
M&S FOOD,F&B,Unknown,1
OKINAWAN DINER NIRAI-KANAI,F&B,Unknown,1
ROLLGAADI,F&B,Unknown,1
RYAN'S GROCERY,F&B,Unknown,1
RYAN'S KITCHEN,F&B,Unknown,1
TAJIMAYA YAKINIKU,F&B,Unknown,1
THAT SKEWER BAR,F&B,Unknown,1
THE BERRY SPOT,F&B,Unknown,1
THE OAKS CELLARS,F&B,Unknown,1
TIPO STRADA,F&B,Unknown,1
TORI SANWA,F&B,Unknown,1
WINDOWSILL PIES,F&B,Unknown,1
Bone Broth Vermicelli by Xian Tai Ye Gu Tang Mixian,F&B,Unknown,1
CHIC-A-BOO Chicken Specialty,F&B,Unknown,1
Coco Veggie Nyonya Cuisine,F&B,Unknown,1
Encik Tan / Popeyes Famous Louisiana Chicken,F&B,Unknown,1
Good Chance Cafe,F&B,Unknown,1
Gourmet Paradise @ The Dining Edition,F&B,Unknown,1
Hachi,F&B,Unknown,1
Hannaembi,F&B,Unknown,1
Hong Kong Zhai Dim Sum,F&B,Unknown,1
Jia He Xing,F&B,Unknown,1
Kai Garden,F&B,Unknown,1
KEITAKU,F&B,Unknown,1
Krush,F&B,Unknown,1
Lam Heung Ling,F&B,Unknown,1
Liv.Eat,F&B,Unknown,1
Luli Tea & Coffee,F&B,Unknown,1
Made's A Café,F&B,Unknown,1
MAKAN MAKAN By D'PENYETZ GROUP,F&B,Unknown,1
Malts,F&B,Unknown,1
Nasty Cookie and Nasty Bakehouse,F&B,Unknown,1
Olive Vine,F&B,Unknown,1
Rolling Rice @ The Dining Edition,F&B,Unknown,1
Singapura Nanyang Coffee,F&B,Unknown,1
SOFRA Turkish Cafe & Restaurant,F&B,Unknown,1
Taliwang Restaurant,F&B,Unknown,1
TANAMERA COFFEE,F&B,Unknown,1
Tang Tea House,F&B,Unknown,1
Tenkaichi Japanese BBQ,F&B,Unknown,1
The Vermilion House,F&B,Unknown,1
Victoria Bakery & Cafe,F&B,Unknown,1
YangGuoFu Malatang,F&B,Unknown,1
Yechun Xiao Jiang Nan @ The Dining Edition,F&B,Unknown,1
101 Pot Noodles,F&B,Unknown,1
85 Redhill,F&B,Unknown,1
Brauhaus Restaurant & Pub,F&B,Unknown,1
Burnt Cones,F&B,Unknown,1
Food Dynasty,F&B,Unknown,1
Hao Wei Lai,F&B,Unknown,1
R&B Tea,F&B,Unknown,1
Rong Wantan Noodle,F&B,Unknown,1
Souper Baby by Soul Souper,F&B,Unknown,1
Victoria Bakery,F&B,Unknown,1
Viet Thai Kitchen,F&B,Unknown,1
Wee Nam Kee Chicken Rice,F&B,Unknown,1
YAYOI Japanese Teishoku Restaurant.,F&B,Unknown,1
Dulcet & Studio,F&B,Unknown,1
Hvala,F&B,Unknown,1
Tag Espresso,F&B,Unknown,1
KOI The Express,F&B,Unknown,1
Mr. Bucket Chocolaterie,F&B,Unknown,1
Project AcaÃ­,F&B,Unknown,1
The Dark Gallery,F&B,Unknown,1
Warabi-mochi Kamakura,F&B,Unknown,1
Sunnyhills,F&B,Unknown,1
Angus House,F&B,Unknown,1
Crystal Jade Palace,F&B,Unknown,1
Hanare by Takayama,F&B,Unknown,1
Hazuki Kaiseki,F&B,Unknown,1
Kai Duck,F&B,Unknown,1
Mizuki Sushi & Tempura,F&B,Unknown,1
Moon Moon Food,F&B,Unknown,1
Paradise Teochew Restaurant,F&B,Unknown,1
Tampopo Grand Sushi & Shabu Shabu,F&B,Unknown,1
Tampopo,F&B,Unknown,1
The Sushi Bar Dining,F&B,Unknown,1
Tiong Bahru Hainanese Chicken Rice,F&B,Unknown,1
Tokyo Yakiniku Heijoen,F&B,Unknown,1
Tonkatsu Daiki,F&B,Unknown,1
Tonkichi,F&B,Unknown,1
Unazen,F&B,Unknown,1
A-Roy Thai Restaurant,F&B,Unknown,1
Han’s Café,F&B,Unknown,1
Hana K-Food,F&B,Unknown,1
Lady M Pop-up,F&B,Unknown,1
"Love, Joy & Coffee",F&B,Unknown,1
Mala Boss,F&B,Unknown,1
Mmmm!,F&B,Unknown,1
Mun Zuk by Li Fang Congee,F&B,Unknown,1
Nong Geng Ji Hunan Cuisine,F&B,Unknown,1
Nunsaram Korean Dessert Café,F&B,Unknown,1
TungLok Peking Duck,F&B,Unknown,1
UNATOTO,F&B,Unknown,1
Watsons,Retail,Foreign,39
Guardian,Retail,Foreign,36
Eu Yan Sang,Retail,Singaporean,32
LAC,Retail,Singaporean,30
7-Eleven,Retail,Foreign,28
FairPrice,Retail,Singaporean,25
OWNDAYS,Retail,Foreign,25
OCBC,Retail,Singaporean,25
kcuts,Retail,Singaporean,24
Singtel,Retail,Singaporean,24
Skechers,Retail,Foreign,24
Challenger,Retail,Singaporean,23
UNIQLO,Retail,Foreign,22
Spectacle Hut,Retail,Singaporean,21
Pet Lovers Centre,Retail,Singaporean,20
HOCKHUA TONIC,Retail,Singaporean,19
SK JEWELLERY,Retail,Singaporean,19
Clippers Barber,Retail,Singaporean,17
Venus Beauty,Retail,Singaporean,16
UOB,Retail,Singaporean,16
Lenskart,Retail,Foreign,16
CHARLES & KEITH,Retail,Singaporean,16
Kskin,Retail,Singaporean,16
Bata,Retail,Foreign,15
Giordano,Retail,Foreign,15
Japan Home,Retail,Singaporean,15
iStudio,Retail,Singaporean,15
Pixie Nail Spa,Retail,Singaporean,15
Goldheart,Retail,Singaporean,14
Miniso,Retail,Foreign,14
Popular,Retail,Singaporean,14
The Body Shop,Retail,Foreign,14
Aureus Academy,Retail,Singaporean,14
PANDORA,Retail,Foreign,14
Unity,Retail,Singaporean,14
Fun Claw,Retail,Singaporean,13
Beauty Language,Retail,Singaporean,13
THEFACESHOP,Retail,Foreign,13
Levi's,Retail,Foreign,13
Xiaomi,Retail,Foreign,13
My Digital Lock,Retail,Singaporean,12
iORA,Retail,Singaporean,12
epitex,Retail,Singaporean,12
Gadget Mix,Retail,Singaporean,12
OSIM,Retail,Singaporean,12
Smiggle,Retail,Foreign,12
Syoujin,Retail,Singaporean,11
Young Hearts,Retail,Singaporean,11
OPPO,Retail,Foreign,11
adidas,Retail,Foreign,11
Cotton On,Retail,Foreign,11
HELEN,Retail,Singaporean,11
MUJI,Retail,Foreign,11
Benjamin Barker,Retail,Singaporean,11
The Green Party,Retail,Singaporean,11
DON DON DONKI,Retail,Foreign,11
Stalford Learning Centre,Retail,Singaporean,10
Pierre Cardin,Retail,Foreign,10
Japan IPL Express,Retail,Singaporean,10
Valu$,Retail,Unknown,10
Best Denki,Retail,Foreign,10
Kiddy Palace,Retail,Singaporean,10
Q & M Dental Surgery,Retail,Singaporean,10
Lovisa,Retail,Foreign,10
DBS,Retail,Singaporean,10
Kiehl's,Retail,Foreign,10
Nail Palace,Retail,Singaporean,10
Golden Village,Retail,Singaporean,10
Crocs,Retail,Foreign,10
Capitol Optical,Retail,Singaporean,10
SkinGO!,Retail,Singaporean,10
SKP,Retail,Singaporean,10
Decathlon,Retail,Foreign,10
G2000,Retail,Foreign,10
HOOGA,Retail,Singaporean,10
Minmed Clinic,Retail,Singaporean,9
Nailz Gallery,Retail,Singaporean,9
EC House,Retail,Singaporean,9
Sorella,Retail,Singaporean,9
PEDRO,Retail,Singaporean,9
"TOYS""R""US",Retail,Foreign,9
HYSSES,Retail,Singaporean,9
Mister Minit,Retail,Unknown,9
Timezone,Retail,Foreign,9
Swarovski,Retail,Foreign,9
QB House,Retail,Foreign,9
Xpressflower.com,Retail,Singaporean,8
Gain City,Retail,Singaporean,8
LANEIGE,Retail,Foreign,8
Daiso,Retail,Foreign,8
Sans & Sans,Retail,Singaporean,8
ASICS,Retail,Foreign,8
Sephora,Retail,Foreign,8
Samsonite,Retail,Foreign,8
Poh Heng Jewellery,Retail,Singaporean,8
MoneyMax,Retail,Singaporean,8
Stryv,Retail,Singaporean,8
Anytime Fitness,Retail,Foreign,8
Kin Teck Tong,Retail,Singaporean,7
Bank Of China,Retail,Foreign,7
Wacoal,Retail,Foreign,7
Presto Drycleaners,Retail,Singaporean,7
TAKA Jewellery,Retail,Singaporean,7
V Medical Aesthetics & Laser Clinic,Retail,Singaporean,7
PAZZION,Retail,Singaporean,7
Sunnystep,Retail,Singaporean,7
CS Fresh,Retail,Unknown,7
Kaleido,Retail,Unknown,7
KIMOJ,Retail,Unknown,7
Rest N Go,Retail,Singaporean,7
Ogawa,Retail,Singaporean,7
Chomel,Retail,Singaporean,7
Tech House,Retail,Singaporean,7
SkinLab The Medical Spa,Retail,Singaporean,7
INNISFREE,Retail,Foreign,7
Raffles Medical,Retail,Singaporean,7
Yun Nam Hair Care,Retail,Singaporean,7
CARs International,Retail,Singaporean,7
Cotton On Kids,Retail,Foreign,7
RAY-BAN,Retail,Foreign,7
ECCO,Retail,Foreign,7
L'OCCITANE,Retail,Foreign,7
MANGO,Retail,Foreign,7
M&G LIFE,Retail,Foreign,7
New York Skin Solutions,Retail,Singaporean,7
Concierge (Waterway Point),Retail,Unknown,7
Tree Art,Retail,Unknown,6
MINDCHAMPS PRESCHOOL,Retail,Unknown,6
W Optics,Retail,Unknown,6
Glimpse,Retail,Singaporean,6
Nippon Home,Retail,Unknown,6
Refash,Retail,Singaporean,6
Welcia,Retail,Foreign,6
The Wallet Shop,Retail,Unknown,6
UNDER ARMOUR,Retail,Foreign,6
Boarding Gate,Retail,Singaporean,6
Birkenstock,Retail,Foreign,6
prettyFIT,Retail,Unknown,6
Q & M Dental Centre,Retail,Unknown,6
Stellar,Retail,Unknown,6
Musee Platinum Tokyo,Retail,Foreign,6
PRISM+,Retail,Unknown,6
Maxi-Cash,Retail,Unknown,6
HLA,Retail,Unknown,6
Harvey Norman,Retail,Unknown,6
LEGO Certified Store (Bricks World),Retail,Unknown,6
CHANEL,Retail,Foreign,6
Tissot,Retail,Foreign,6
Better Vision,Retail,Unknown,6
StarHub,Retail,Unknown,6
Sparkle,Retail,Unknown,6
"Love, Bonito",Retail,Singaporean,6
Home's Harmony,Retail,Unknown,6
Cheers,Retail,Unknown,6
Triumph,Retail,Unknown,6
I Can Read,Retail,Unknown,6
Cow Play Cow Moo,Retail,Unknown,6
ZARA,Retail,Foreign,6
Cold Storage,Retail,Unknown,5
AGrader Learning Centre,Retail,Unknown,5
BEGA,Retail,Unknown,5
Nailz Treats,Retail,Unknown,5
NK Hairworks,Retail,Unknown,5
Spacio TCM Wellness,Retail,Unknown,5
VIVAIA,Retail,Unknown,5
Eurotex,Retail,Unknown,5
Mister Mobile,Retail,Unknown,5
KKV,Retail,Foreign,5
V Aesthetics Body Slim,Retail,Unknown,5
ALDO,Retail,Unknown,5
G-Shock Casio,Retail,Unknown,5
Recoil,Retail,Unknown,5
Playdress,Retail,Unknown,5
TRT,Retail,Unknown,5
Anothersole,Retail,Unknown,5
MONTIGO,Retail,Unknown,5
SALOMON,Retail,Unknown,5
The Stage Walk,Retail,Unknown,5
Novela,Retail,Unknown,5
Sealy Sleep Boutique,Retail,Unknown,5
Singapore Pools,Retail,Unknown,5
ZTP Ginseng Birdnest,Retail,Unknown,5
Shakura Pigmentation Beauty,Retail,Unknown,5
ANTA,Retail,Unknown,5
CFOOT,Retail,Unknown,5
Solace Studios,Retail,Unknown,5
Dunlopillo,Retail,Unknown,5
Vivian & Sean,Retail,Unknown,5
Pop Play Planet,Retail,Unknown,5
Novita,Retail,Unknown,5
Garmin,Retail,Foreign,5
Sinjojo,Retail,Unknown,5
AsterSpring,Retail,Unknown,5
POP MART,Retail,Foreign,5
AESOP,Retail,Unknown,5
Calvin Klein,Retail,Foreign,5
lululemon,Retail,Foreign,5
BOSS,Retail,Unknown,5
Mobilestop,Retail,Unknown,5
RABEANCO,Retail,Unknown,5
COURTS,Retail,Unknown,5
FILA,Retail,Foreign,5
Bath & Body Works,Retail,Unknown,5
Chiropractic First,Retail,Unknown,5
SK Gold,Retail,Unknown,5
Ms New,Retail,Unknown,5
United Overseas Bank,Retail,Unknown,5
London Weight Management,Retail,Unknown,5
Shine Korea,Retail,Unknown,4
N20 Nail Spa,Retail,Unknown,4
FUJIFILM,Retail,Unknown,4
Citibank ATM,Retail,Unknown,4
H2 Hub Timepiece,Retail,Unknown,4
Happy Walker,Retail,Unknown,4
Samsung,Retail,Foreign,4
Peniwern,Retail,Unknown,4
Mavis Tutorial Centre,Retail,Unknown,4
MyRepublic,Retail,Unknown,4
"Dorra Tummy, Hip & Thigh Slimming",Retail,Unknown,4
A.M Aesthetics,Retail,Unknown,4
Bossini,Retail,Unknown,4
Fitness First,Retail,Unknown,4
Jean Yip Hub,Retail,Unknown,4
Kappa,Retail,Unknown,4
M1,Retail,Singaporean,4
Paris Miki,Retail,Unknown,4
Longines,Retail,Foreign,4
CHOW TAI FOOK,Retail,Unknown,4
Oh! Sunny,Retail,Unknown,4
HSBC ATM,Retail,Unknown,4
Top Secret STUDIO,Retail,Unknown,4
Slumberland,Retail,Unknown,4
Serta,Retail,Unknown,4
Oriental Hair Solutions,Retail,Unknown,4
Sun Paradise,Retail,Unknown,4
Victoria Facelift,Retail,Unknown,4
Time Studio,Retail,Unknown,4
Standard Photo,Retail,Unknown,4
Shaw Theatres,Retail,Unknown,4
Banana Story,Retail,Unknown,4
Four Star,Retail,Unknown,4
Scarlett Supermarket,Retail,Unknown,4
Smoovee Skin,Retail,Unknown,4
Mothercare,Retail,Unknown,4
Otaku House,Retail,Unknown,4
Simply Toys,Retail,Unknown,4
TOG,Retail,Unknown,4
Typo,Retail,Foreign,4
SL Aesthetic Clinic,Retail,Unknown,4
Marks & Spencer,Retail,Foreign,4
Strip & Browhaus,Retail,Unknown,4
Komehyo,Retail,Unknown,4
HONOR,Retail,Unknown,4
APM Monaco,Retail,Unknown,4
FotoHub,Retail,Unknown,4
Tommy Hilfiger,Retail,Foreign,4
Onitsuka Tiger,Retail,Unknown,4
TAG Heuer,Retail,Foreign,4
Sam Edelman,Retail,Unknown,4
Longchamp,Retail,Foreign,4
The Learning Lab,Retail,Unknown,4
Love & Co.,Retail,Unknown,4
SELFFIX DIY,Retail,Unknown,4
The Ballet School,Retail,Unknown,4
HUAWEI,Retail,Foreign,4
Odoroki,Retail,Unknown,4
The Planet Traveller,Retail,Unknown,4
Become Aesthetics Clinic,Retail,Unknown,4
Sa Sa,Retail,Unknown,4
Chinese Medical Centre,Retail,Unknown,4
Beyond The Vines,Retail,Singaporean,4
Oakley,Retail,Unknown,4
I'M IN,Retail,Unknown,4
Chip Lee Jewellery,Retail,Unknown,4
Jean Yip Hairdressing,Retail,Unknown,4
Maybank,Retail,Unknown,4
Samsung Experience Store,Retail,Unknown,4
Teo Heng KTV Studio,Retail,Unknown,4
WTS Travel,Retail,Unknown,4
British Essential,Retail,Unknown,4
Hush Puppies,Retail,Unknown,4
IVI Aesthetic,Retail,Unknown,4
Sweet Home,Retail,Unknown,4
The Orange Academy,Retail,Unknown,4
Mind Stretcher,Retail,Unknown,4
Scarlett,Retail,Unknown,4
Gifts Greetings,Retail,Unknown,4
Play United,Retail,Unknown,4
Repair Station,Retail,Unknown,4
Coach,Retail,Foreign,4
BIMBA Y LOLA,Retail,Unknown,4
TUMI,Retail,Foreign,4
New Balance,Retail,Foreign,4
DR. STRETCH,Retail,Unknown,4
MONOLOQ,Retail,Unknown,4
MINDSPACE,Retail,Unknown,4
Wing Joo Loong,Retail,Unknown,4
POSB ATM,Retail,Unknown,3
KARVA Salon for Ladies,Retail,Unknown,3
6 Elements Hair Spa,Retail,Unknown,3
NK Robotics,Retail,Unknown,3
Advanced Dental,Retail,Unknown,3
The Ballet & Music Company,Retail,Unknown,3
Mayer,Retail,Unknown,3
Yale [The S&L House],Retail,Unknown,3
Foto Express,Retail,Unknown,3
SLEEPNIGHT,Retail,Unknown,3
Sothys Premium Salon,Retail,Unknown,3
MODE Aesthetics,Retail,Unknown,3
Aspire Hub Education,Retail,Unknown,3
Dollars & Scent,Retail,Unknown,3
Vintage Studio Hairdressing Spa,Retail,Unknown,3
Beijing 101,Retail,Unknown,3
Books Kinokuniya,Retail,Unknown,3
City Chain,Retail,Unknown,3
Converse,Retail,Foreign,3
Fred Perry,Retail,Unknown,3
Gamemartz,Retail,Unknown,3
Purpur,Retail,Unknown,3
Teva,Retail,Unknown,3
SneakSurf,Retail,Unknown,3
QB Premium,Retail,Unknown,3
ActionCity,Retail,Unknown,3
Scent by SIX,Retail,Unknown,3
ActionCity Plus,Retail,Unknown,3
Nitori,Retail,Unknown,3
Running Lab,Retail,Unknown,3
PEARLY LUSTRE,Retail,Unknown,3
AXS Station,Retail,Unknown,3
YISHION,Retail,Unknown,3
LAMY,Retail,Unknown,3
Couple Lab,Retail,Unknown,3
Lulucrystalsx,Retail,Unknown,3
JF Elite,Retail,Unknown,3
JUDYDOLL,Retail,Unknown,3
Safewell,Retail,Unknown,3
Simmons Gallery,Retail,Unknown,3
Zero Healthcare,Retail,Unknown,3
Sea Horse,Retail,Unknown,3
Futurum Academy,Retail,Unknown,3
ALL WOULD ENVY,Retail,Unknown,3
Simba,Retail,Unknown,3
Citrusox,Retail,Unknown,3
Mobile Fashion,Retail,Unknown,3
LA Barbershop,Retail,Unknown,3
Myeongdong Hair Studio,Retail,Unknown,3
Kimage,Retail,Unknown,3
DMK,Retail,Unknown,3
Estetica,Retail,Unknown,3
Toy Outpost,Retail,Unknown,3
Precious Thoughts,Retail,Unknown,3
The Thai Spa,Retail,Unknown,3
LOVE AND BRAVERY,Retail,Unknown,3
Yamaha (Music Store & Music School),Retail,Unknown,3
Bed Bath N’ Table,Retail,Unknown,3
Setirom,Retail,Unknown,3
Meilleur Moment,Retail,Unknown,3
V Aesthetics Hair Grow,Retail,Unknown,3
The Digital Gadgets,Retail,Unknown,3
Browhaus,Retail,Unknown,3
COS,Retail,Unknown,3
FRESH,Retail,Unknown,3
GG<5,Retail,Unknown,3
Giordano Ladies,Retail,Unknown,3
HAACH,Retail,Unknown,3
iROO,Retail,Unknown,3
Seafolly,Retail,Unknown,3
GINLEE,Retail,Unknown,3
TEAM Salon,Retail,Unknown,3
Diptyque,Retail,Unknown,3
GUERLAIN,Retail,Unknown,3
GIVENCHY,Retail,Foreign,3
Jo Malone London,Retail,Unknown,3
Gingersnaps,Retail,Unknown,3
Liv Activ,Retail,Unknown,3
Little Ground,Retail,Unknown,3
FILA KIDS,Retail,Unknown,3
Club21,Retail,Unknown,3
By Invite Only,Retail,Unknown,3
Wilson,Retail,Unknown,3
Artary,Retail,Unknown,3
Weston Corp,Retail,Unknown,3
X-Craft,Retail,Unknown,3
avenue,Retail,Unknown,3
SHISEIDO,Retail,Unknown,3
ESINEY,Retail,Unknown,3
My First Skool,Retail,Unknown,3
Moley Apparels,Retail,Unknown,3
CLARINS,Retail,Unknown,3
SONY,Retail,Foreign,3
1Gravity,Retail,Unknown,3
WJL 永裕隆,Retail,Unknown,3
Box Hunt,Retail,Unknown,3
May Tailor & Laundry,Retail,Unknown,3
Liang Yi (良医),Retail,Unknown,3
Beijing 101 Hair Consultants,Retail,Unknown,3
Kitchen+Ware,Retail,Unknown,3
NTUC LearningHub,Retail,Unknown,3
Yale Smart Shop,Retail,Unknown,3
Coslab,Retail,Unknown,3
De Arte Hair Studio,Retail,Unknown,3
Ex Beauty,Retail,Unknown,3
EX Style,Retail,Unknown,3
SHINE,Retail,Unknown,3
Strip,Retail,Unknown,3
The Flip Flop Shop,Retail,Unknown,3
PlayFACTO School,Retail,Unknown,3
POSB Bank,Retail,Unknown,3
APGUJEONG HAIR STUDIO,Retail,Unknown,3
Heart Springs Spa,Retail,Unknown,3
Highlander London,Retail,Unknown,3
Michael Trio,Retail,Unknown,3
Premier Dead Sea,Retail,Unknown,3
THE EDITOR'S MARKET,Retail,Unknown,3
Turtle,Retail,Unknown,3
2nd STREET,Retail,Unknown,3
MediFeet,Retail,Unknown,3
GLOBAL ART,Retail,Unknown,3
Chrysalis Spa (Imago),Retail,Unknown,3
TANGS,Retail,Unknown,3
Massimo Dutti,Retail,Foreign,3
H&M,Retail,Foreign,3
Lush,Retail,Unknown,3
NIKE,Retail,Foreign,3
bloomB,Retail,Unknown,3
1855 THE BOTTLE SHOP,Retail,Unknown,3
CARTIER,Retail,Foreign,3
CELINE,Retail,Foreign,3
Clarks,Retail,Foreign,3
DIOR,Retail,Foreign,3
FENDI,Retail,Foreign,3
GUCCI,Retail,Foreign,3
Louis Vuitton,Retail,Foreign,3
Marimekko,Retail,Unknown,3
Prada,Retail,Foreign,3
SAINT LAURENT,Retail,Foreign,3
The Whisky Distillery,Retail,Unknown,3
Tiffany & Co.,Retail,Foreign,3
TUDOR,Retail,Foreign,3
Van Cleef & Arpels,Retail,Foreign,3
ZOFF,Retail,Unknown,3
Polo Ralph Lauren,Retail,Unknown,3
HANDS,Retail,Unknown,3
KUMON LEARNING CENTRE,Retail,Unknown,3
HOUSE OF TRADITIONAL JAVANESE MASSAGE,Retail,Unknown,3
Wine Connection,Retail,Singaporean,3
POSB,Retail,Unknown,3
TK TrichoKare,Retail,Unknown,3
homestolife,Retail,Unknown,3
Fossil,Retail,Foreign,3
Burberry,Retail,Foreign,3
The Clinic Group,Retail,Unknown,2
The Ark Futsal,Retail,Unknown,2
FAT HOPE,Retail,Unknown,2
THE ETON ACADEMY,Retail,Unknown,2
Nail Bliss,Retail,Unknown,2
ORGANIC WAY SALON,Retail,Unknown,2
3T Mobile,Retail,Unknown,2
PHS HAIRSCIENCE®,Retail,Unknown,2
Kawata House of Socks,Retail,Unknown,2
Echo,Retail,Unknown,2
Dr J,Retail,Unknown,2
D & C (Design & Comfort),Retail,Unknown,2
Play-e,Retail,Unknown,2
ValueLux Furnishing,Retail,Unknown,2
OTO,Retail,Unknown,2
99 PERCENT HAIR STUDIO,Retail,Unknown,2
EVERBEST,Retail,Unknown,2
All Watches,Retail,Unknown,2
Another One,Retail,Unknown,2
Bratpack,Retail,Unknown,2
Raffles Florist,Retail,Unknown,2
Shu Uemura,Retail,Unknown,2
Life4Cut,Retail,Unknown,2
NB 1906,Retail,Unknown,2
FILA FUSION,Retail,Unknown,2
NARS,Retail,Unknown,2
MAD PARFUMEUR,Retail,Unknown,2
Y21,Retail,Unknown,2
Lee Hwa,Retail,Unknown,2
Eyedentity,Retail,Unknown,2
UNBOTTLED,Retail,Unknown,2
PUMA,Retail,Foreign,2
Shadori,Retail,Unknown,2
KBOX,Retail,Unknown,2
LI-NING,Retail,Unknown,2
JD Sports,Retail,Unknown,2
Flying Tiger Copenhagen,Retail,Unknown,2
The Smell Lab,Retail,Unknown,2
Zouk,Retail,Unknown,2
K.STAR KARAOKE,Retail,Unknown,2
Maybank ATM,Retail,Unknown,2
PUMA Outlet,Retail,Unknown,2
Song-Cho,Retail,Unknown,2
Under Armour Outlet,Retail,Unknown,2
Jas-Indulge,Retail,Unknown,2
TEMPUR,Retail,Unknown,2
Absolute Bedding,Retail,Unknown,2
Little Kingdom by Unisprings,Retail,Unknown,2
Hush Puppies (Shoes) Outlet,Retail,Unknown,2
OWELL,Retail,Unknown,2
Chou Niang Jiu Niang,Retail,Unknown,2
YEAH GELATO 野人先生,Retail,Unknown,2
BYD BY 1826,Retail,Unknown,2
iBrow Studio,Retail,Unknown,2
Prime Auto Care,Retail,Unknown,2
Regina,Retail,Unknown,2
Tracyeinny,Retail,Unknown,2
BOLON,Retail,Unknown,2
Dr.Bags,Retail,Unknown,2
Jewel Cafe,Retail,Unknown,2
A.R.Money Exchange,Retail,Unknown,2
Cristofori Music School,Retail,Unknown,2
Nature's Farm,Retail,Unknown,2
U Hair,Retail,Unknown,2
Mobile Life,Retail,Unknown,2
RANDY INDULGENCE ACAI BAR,Retail,Unknown,2
Ian Darcy EAU DE PARFUM,Retail,Unknown,2
The Underground,Retail,Unknown,2
Crocodile,Retail,Unknown,2
INI8TIVE,Retail,Unknown,2
COTTON ON BODY,Retail,Foreign,2
My Greatest Child,Retail,Unknown,2
Fash Mob,Retail,Unknown,2
Propeller,Retail,Unknown,2
The Willow Label,Retail,Unknown,2
K.STAR,Retail,Unknown,2
Nails & Good Company,Retail,Unknown,2
From There On,Retail,Unknown,2
LUX BOUTIQUE,Retail,Unknown,2
COCORO,Retail,Unknown,2
Karva Salon for Family,Retail,Unknown,2
Insta360,Retail,Unknown,2
Hunter,Retail,Unknown,2
Best Perfume Store,Retail,Unknown,2
Jonsson Protein Healthy Hair Growth,Retail,Unknown,2
Ma Kuang TCM Medical Centre,Retail,Unknown,2
House of Kpop,Retail,Unknown,2
Sahur's Art,Retail,Unknown,2
PANDA CHAN SNACK,Retail,Unknown,2
The Tinsel Rack,Retail,Unknown,2
Zhong Yan Tang 中燕堂,Retail,Unknown,2
TOY-C,Retail,Unknown,2
Bellezza Aesthetics,Retail,Unknown,2
Bio Organicare,Retail,Unknown,2
Cortina Watch,Retail,Singaporean,2
DR HAACH,Retail,Unknown,2
Forever New,Retail,Unknown,2
Spa Esprit,Retail,Unknown,2
SCOOP Wholefoods Australia,Retail,Unknown,2
Little Match Girl,Retail,Unknown,2
Maison Francis Kurkdjian,Retail,Unknown,2
& Other Stories,Retail,Unknown,2
Gucci Beauty,Retail,Unknown,2
Mirage Aesthetic,Retail,Unknown,2
Breitling,Retail,Foreign,2
HOKA,Retail,Foreign,2
Rolex at Cortina Watch,Retail,Unknown,2
Sun & Sand Sports,Retail,Unknown,2
Descente,Retail,Unknown,2
Penhaligon's,Retail,Unknown,2
Dior Beauty,Retail,Unknown,2
KLARRA,Retail,Unknown,2
SABRINAGOH,Retail,Unknown,2
MO&Co.,Retail,Unknown,2
Confucius Mandarin,Retail,Unknown,2
The Aroma Hub,Retail,Unknown,2
Vincent Watch,Retail,Unknown,2
VS Salon,Retail,Unknown,2
Airbot,Retail,Unknown,2
BONIA,Retail,Unknown,2
Braun Buffel,Retail,Unknown,2
CUCKOO,Retail,Unknown,2
My Gym,Retail,Unknown,2
Scanteak Signature,Retail,Unknown,2
STAR ARTS,Retail,Unknown,2
Sulwhasoo,Retail,Unknown,2
K.LAB,Retail,Unknown,2
Multiflora TCM Spa,Retail,Unknown,2
Write Edge,Retail,Unknown,2
DR. LASH,Retail,Unknown,2
Dreame,Retail,Unknown,2
20dB Digisound,Retail,Unknown,2
Jean Yip Beauty & Slimming,Retail,Unknown,2
Dyson,Retail,Foreign,2
CocoArt,Retail,Unknown,2
Arch Angel,Retail,Unknown,2
52TOYS,Retail,Unknown,2
BOSE,Retail,Foreign,2
Climb Central,Retail,Unknown,2
Barehands,Retail,Unknown,2
Brompton Junction,Retail,Unknown,2
DJI,Retail,Unknown,2
LOJEL,Retail,Unknown,2
Bites By Scarlett,Retail,Unknown,2
Customer Service Counter (Causeway Point),Retail,Unknown,2
Dr. Kong,Retail,Unknown,2
Eazea Smart Lock,Retail,Unknown,2
Ma Kuang TCM,Retail,Unknown,2
Metro,Retail,Singaporean,2
Owell BodyCare,Retail,Unknown,2
PINC,Retail,Unknown,2
Raffles Dental,Retail,Unknown,2
Winning,Retail,Unknown,2
Berries World of Learning School,Retail,Unknown,2
De Silver,Retail,Unknown,2
Dorra Slimming,Retail,Unknown,2
Fitflop,Retail,Unknown,2
Fortune Wigs,Retail,Unknown,2
Hang Ten,Retail,Unknown,2
K-Market,Retail,Unknown,2
Kinohimitsu,Retail,Unknown,2
LWL,Retail,Unknown,2
UBreakifix.sg,Retail,Unknown,2
Writers' Guild,Retail,Unknown,2
Yu Cai Education Centre,Retail,Unknown,2
Beijing Language School,Retail,Unknown,2
Bolon Eyewear,Retail,Unknown,2
Freeman Florist,Retail,Unknown,2
ICBC,Retail,Foreign,2
One2Play,Retail,Unknown,2
ALLU,Retail,Unknown,2
ALUXE,Retail,Unknown,2
BodyWerkz,Retail,Unknown,2
Cube-i,Retail,Unknown,2
Happie,Retail,Unknown,2
Ladyfinger,Retail,Unknown,2
LIANG YI TCM,Retail,Unknown,2
Milly’s,Retail,Unknown,2
OH!SOME,Retail,Unknown,2
Strip / Browhaus,Retail,Unknown,2
The s.k.MED Clinic,Retail,Unknown,2
Cheryl W,Retail,Unknown,2
Glamour + Nail.Lash.Brow Studio,Retail,Unknown,2
ICON Aesthetics,Retail,Unknown,2
Nail Addiction,Retail,Unknown,2
New Nada Barber,Retail,Unknown,2
Revival Hair Gallery,Retail,Unknown,2
Shoe Clinic,Retail,Unknown,2
The Seafood Market Place By Song Fish,Retail,Unknown,2
Universal Optical,Retail,Unknown,2
Anake,Retail,Unknown,2
Glamour Beauty,Retail,Unknown,2
W.TWO,Retail,Unknown,2
3 Little Girls,Retail,Unknown,2
EduGrove Mandarin Enrichment Centre,Retail,Unknown,2
ValueMax,Retail,Unknown,2
Cellini,Retail,Singaporean,2
Elements Wellness,Retail,Unknown,2
Flower Matters,Retail,Unknown,2
GEOX,Retail,Unknown,2
Healing Touch Spa,Retail,Unknown,2
iClaw Taiwan,Retail,Unknown,2
Jullia Olger,Retail,Unknown,2
Junior Page,Retail,Unknown,2
JustCo,Retail,Unknown,2
Kawai Music School,Retail,Unknown,2
Mondays Made,Retail,Unknown,2
Pavonine House,Retail,Unknown,2
Hom Yoga,Retail,Unknown,2
Little Farms (Cafe),Retail,Unknown,2
BUCCELLATI,Retail,Unknown,2
HERMÈS (HERMES),Retail,Foreign,2
JAEGER-LECOULTRE,Retail,Unknown,2
BACCARAT,Retail,Unknown,2
BLANCPAIN,Retail,Unknown,2
BREGUET,Retail,Unknown,2
BVLGARI,Retail,Foreign,2
CHAUMET,Retail,Unknown,2
CHOPARD,Retail,Foreign,2
CHRISTIAN LOUBOUTIN,Retail,Unknown,2
DIESEL,Retail,Unknown,2
ESCENTIALS,Retail,Unknown,2
ESTÉE LAUDER (ESTEE LAUDER),Retail,Unknown,2
EVISU,Retail,Unknown,2
FRANCK MULLER,Retail,Unknown,2
GENTLE MONSTER,Retail,Unknown,2
GRAFF,Retail,Unknown,2
HUBLOT,Retail,Foreign,2
IWC SCHAFFHAUSEN,Retail,Unknown,2
LA MER,Retail,Unknown,2
LA PRAIRIE,Retail,Unknown,2
LACOSTE,Retail,Unknown,2
LEICA,Retail,Unknown,2
LOEWE,Retail,Foreign,2
LORO PIANA,Retail,Unknown,2
MAJE,Retail,Unknown,2
MASTER-FIX SERVICES,Retail,Unknown,2
MLB,Retail,Foreign,2
NATURELAND SPA. PREMIUM,Retail,Unknown,2
OMEGA,Retail,Foreign,2
PANERAI,Retail,Foreign,2
PATEK PHILIPPE,Retail,Foreign,2
PIAGET,Retail,Foreign,2
PICOTA NAIL SPA,Retail,Unknown,2
RED ARMY WATCHES,Retail,Unknown,2
RITUALS,Retail,Foreign,2
ROYAL SELANGOR,Retail,Unknown,2
SANDRO,Retail,Unknown,2
SUNGLASS HUT,Retail,Unknown,2
SWATCH,Retail,Foreign,2
VACHERON CONSTANTIN,Retail,Unknown,2
VALENTINO,Retail,Foreign,2
Amaris,Retail,Unknown,2
Apple,Retail,Foreign,2
AWHSOME by Hyggerium,Retail,Unknown,2
Columbia,Retail,Foreign,2
Cuttour Hair Studio,Retail,Unknown,2
Grand Seiko,Retail,Unknown,2
Kate Spade New York,Retail,Unknown,2
Le Petit Society,Retail,Unknown,2
Maison Margiela,Retail,Unknown,2
The Shirt Bar,Retail,Unknown,2
ORGANIC HAIR REGROWTH SOLUTIONS,Retail,Unknown,2
AUBE BEAUTY SALON,Retail,Unknown,2
ISLAND SHOP,Retail,Unknown,2
BAOZHITANG CHINESE MEDICINE AND THERAPY CENTRE,Retail,Unknown,2
CHESS AT THREE,Retail,Unknown,2
LAGOON LAUNDRY,Retail,Unknown,2
OODLES LEARNING,Retail,Unknown,2
HUA LANGUAGE CENTRE,Retail,Unknown,2
PHOENIX MEDICAL GROUP,Retail,Unknown,2
ILDO TAEKWONDO,Retail,Unknown,2
HIART,Retail,Unknown,2
MR. D.I.Y.,Retail,Unknown,2
JOYRE TCMEDI SPA,Retail,Unknown,2
WANG LEARNING CENTRE,Retail,Unknown,2
FOR THE LOVE OF LAUNDRY,Retail,Unknown,2
ORGANIC EXPRESS HAIR COLOR LAB,Retail,Unknown,2
OUR SECOND NATURE,Retail,Unknown,2
SPLICE BARBERSHOP,Retail,Unknown,2
BIG MAMA,Retail,Unknown,2
EYE LEVEL,Retail,Unknown,2
HI-CLAW,Retail,Unknown,2
BUD COSMETICS,Retail,Singaporean,2
QUEEN EXCLUSIVE COLLECTION,Retail,Unknown,2
BMF The Aesthetics People,Retail,Unknown,2
Jean Yip,Retail,Unknown,2
Platinum Yoga,Retail,Unknown,2
ZTP,Retail,Unknown,2
Red 2,Retail,Unknown,2
HAKO,Retail,Unknown,2
The Chinese Wedding Shop,Retail,Unknown,2
SLEEPNIGHT Lifestyle Mattress,Retail,Unknown,2
Melvados,Retail,Unknown,2
Panda Chan,Retail,Unknown,2
Solvil Et Titus,Retail,Unknown,2
Allbest Exchange,Retail,Unknown,2
DRx Clinic,Retail,Unknown,2
Life 4 Cuts,Retail,Unknown,2
Money Changer,Retail,Unknown,2
Tang Shan TCM & Massage,Retail,Unknown,2
QB Premium Haircut & Style,Retail,Unknown,2
Authorised Mi Store,Retail,Unknown,2
MBT,Retail,Unknown,2
Rado,Retail,Unknown,2
Sincere Fine Watches,Retail,Unknown,2
Evergreen Stationery,Retail,Unknown,2
NoFrills Dental,Retail,Unknown,2
Gift.ed by Turtle,Retail,Unknown,2
Hills Aesthetics Clinic,Retail,Unknown,2
iRun,Retail,Unknown,2
Limited Edt,Retail,Unknown,2
Outside,Retail,Unknown,2
Sunday Staples,Retail,Unknown,2
China Mobile CMLink,Retail,Unknown,2
FOND,Retail,Unknown,2
Pro Trim Hair Studio,Retail,Unknown,2
LIOU&LANS,Retail,Unknown,2
Melissa,Retail,Unknown,2
Smigy,Retail,Unknown,2
Balenciaga,Retail,Foreign,2
BOGGI Milano,Retail,Unknown,2
Bottega Veneta,Retail,Foreign,2
Brunello Cucinelli,Retail,Foreign,2
Christofle,Retail,Unknown,2
Emporio Armani,Retail,Unknown,2
Ferragamo,Retail,Unknown,2
FLAMING QUEEN,Retail,Unknown,2
Jimmy Choo,Retail,Unknown,2
Marni,Retail,Unknown,2
MCM,Retail,Unknown,2
Miu Miu,Retail,Foreign,2
Moleskine,Retail,Unknown,2
Montblanc,Retail,Foreign,2
ORIENT CROWN,Retail,Unknown,2
Petit Bateau,Retail,Unknown,2
Ralph Lauren Children,Retail,Unknown,2
Sandbar,Retail,Unknown,2
SEED Heritage,Retail,Unknown,2
The Hour Glass,Retail,Singaporean,2
Versace,Retail,Foreign,2
Zegna,Retail,Unknown,2
Nailz Haus,Retail,Unknown,2
Leftfoot,Retail,Unknown,2
The Oaks Cellars,Retail,Unknown,2
Max Mara,Retail,Unknown,2
RIMOWA,Retail,Unknown,2
Bell & Ross,Retail,Unknown,2
Tory Burch,Retail,Foreign,2
TRUE FITNESS,Retail,Unknown,2
WANDERLUST + CO,Retail,Unknown,2
Berluti,Retail,Foreign,2
Dolce & Gabbana,Retail,Unknown,2
Giorgio Armani,Retail,Unknown,2
Shanghai Tang,Retail,Unknown,2
Vilebrequin,Retail,Unknown,2
Pomellato,Retail,Unknown,2
Moynat,Retail,Unknown,2
DELTA DENTAL SURGEONS,Retail,Unknown,1
Bodyworks Chiropractic,Retail,Unknown,1
Time Enterprise TCM,Retail,Unknown,1
Nutrilite Health & Wellbeing,Retail,Unknown,1
Hinomi,Retail,Unknown,1
CTDI,Retail,Unknown,1
Firstpointe,Retail,Unknown,1
BKK Forex,Retail,Unknown,1
Thai Supermarket,Retail,Unknown,1
Quantum Medical,Retail,Unknown,1
Artisan Jewellery,Retail,Unknown,1
In Trim Hair,Retail,Unknown,1
Boulder+,Retail,Unknown,1
Luxe Floral,Retail,Unknown,1
100 Island Beauty and Wellness,Retail,Unknown,1
SkinLab The Medical Spa / SL Aesthetic Clinic,Retail,Unknown,1
Jean Yip Hairdressing and 6 Elements Hair Spa,Retail,Unknown,1
X’treme Professional Hair Studio,Retail,Unknown,1
Kids Clinic @ Sengkang,Retail,Unknown,1
Fresh and Clean,Retail,Unknown,1
Fresver,Retail,Unknown,1
Compass Foreign Exchange,Retail,Unknown,1
Chiropractic First The Spine & Nerve Clinic,Retail,Unknown,1
SNAP FITNESS,Retail,Unknown,1
BreakFixNow,Retail,Unknown,1
La Vida,Retail,Unknown,1
NEW NADA,Retail,Unknown,1
SINCHONG,Retail,Unknown,1
Watches of Japan,Retail,Unknown,1
Fengshui World,Retail,Unknown,1
Nailz Treats PLUS,Retail,Unknown,1
Luminous Dental Clinic,Retail,Unknown,1
kcuts & Kskin,Retail,Unknown,1
JasonSally Hairdressers,Retail,Unknown,1
Wellspring Wellness 康园养生屋,Retail,Unknown,1
BP Brow & Lash,Retail,Unknown,1
Jean Yip Hair & Hair Spa,Retail,Unknown,1
FIRMAN SHAH (Money Changer),Retail,Unknown,1
JHL TCM Beauty,Retail,Unknown,1
I.E.F.SG,Retail,Unknown,1
Boarding Gate & The Wallet Shop,Retail,Unknown,1
CLOUD 9 STUDIO,Retail,Unknown,1
Amazing Hearing,Retail,Unknown,1
Vibrancy Skin,Retail,Unknown,1
Smore's by Alkaff,Retail,Unknown,1
19 Exchange,Retail,Unknown,1
BHG,Retail,Singaporean,1
Bugis Money Changer,Retail,Unknown,1
Guess Accessories,Retail,Unknown,1
HI STYLE,Retail,Unknown,1
Hitec Mobile & Repair Center,Retail,Unknown,1
Le Pommier,Retail,Unknown,1
Meyson Jewellery,Retail,Unknown,1
Natural Project,Retail,Unknown,1
Ripples,Retail,Unknown,1
SCB ATM,Retail,Unknown,1
TIMBUK2,Retail,Unknown,1
Cheris,Retail,Unknown,1
CHIC FEVER,Retail,Unknown,1
ZENZI,Retail,Unknown,1
Liverpool FC,Retail,Unknown,1
NARS at BHG,Retail,Unknown,1
Gucci Beauty at BHG,Retail,Unknown,1
Clarins at BHG,Retail,Unknown,1
J Beauty Bar & Spa,Retail,Unknown,1
COZ,Retail,Unknown,1
myhalo,Retail,Unknown,1
JET'AMINE,Retail,Unknown,1
SPERRY,Retail,Unknown,1
hairz,Retail,Unknown,1
MOWE,Retail,Unknown,1
EICHITOO,Retail,Unknown,1
SK-II at BHG,Retail,Unknown,1
Heart To Heart Jewellery,Retail,Unknown,1
SKINARMA,Retail,Unknown,1
Hot Toys,Retail,Unknown,1
OKZ,Retail,Unknown,1
MINMED HEALTH (BUGIS),Retail,Unknown,1
AQARA HOME,Retail,Unknown,1
Amore Define,Retail,Unknown,1
Challenger Flagship Store,Retail,Unknown,1
L'zzie,Retail,Unknown,1
M.A.C,Retail,Unknown,1
NBC Stationery & Gifts,Retail,Unknown,1
The odbo.,Retail,Unknown,1
Craftsmen Authentic / Explorer,Retail,Unknown,1
VACANZA,Retail,Unknown,1
Jo Malone London at BHG,Retail,Unknown,1
Chanel Beauty at BHG,Retail,Unknown,1
NIKE By Bugis,Retail,Unknown,1
CASING HUB,Retail,Unknown,1
S Collection,Retail,Unknown,1
DE FIGURELAB,Retail,Unknown,1
Cute and Funny,Retail,Unknown,1
SUN SANG,Retail,Unknown,1
AGASSY,Retail,Unknown,1
Alice Girl,Retail,Unknown,1
MUET,Retail,Unknown,1
OSLcare,Retail,Unknown,1
KYLIE COSMETICS,Retail,Unknown,1
FUNNYLAND SINGAPORE,Retail,Unknown,1
Peek A Box,Retail,Unknown,1
SEOUL BEAUTE,Retail,Unknown,1
SINGAPORE BALLET,Retail,Unknown,1
Boulder Movement,Retail,Unknown,1
Walking In The Light,Retail,Unknown,1
HaveFun LiveShow,Retail,Unknown,1
SCARLETT PLUS,Retail,Unknown,1
CARA CLUB,Retail,Unknown,1
FANKA,Retail,Unknown,1
CUE GURU POOL SPORT @ BUGIS+,Retail,Unknown,1
Toy Or Games (TOG),Retail,Unknown,1
ONNIE LENS,Retail,Unknown,1
Paco Funworld,Retail,Unknown,1
HaveFun Karaoke,Retail,Unknown,1
Odoroki / FUN CLAW,Retail,Unknown,1
THE INN LIVEHOUSE,Retail,Unknown,1
EBLACKBOX,Retail,Unknown,1
Connor,Retail,Unknown,1
GG GAMER’S GUILD,Retail,Unknown,1
BLOOM & BOOM,Retail,Unknown,1
STICKS & STONES,Retail,Unknown,1
ECHO GOODS,Retail,Unknown,1
Phuture,Retail,Unknown,1
Mimi Restaurant,Retail,Unknown,1
Zorba the Greek Taverna,Retail,Unknown,1
Corinthians Asia Group (Office),Retail,Unknown,1
Natureland Spa . Therapy,Retail,Unknown,1
Lil Dublin,Retail,Unknown,1
Swee Lee,Retail,Unknown,1
Fort Canine Swimming Club,Retail,Unknown,1
IL Clay Supper Club,Retail,Unknown,1
GX-5 Extreme Swing,Retail,Unknown,1
HipVan Atelier,Retail,Unknown,1
LAVA Fitness,Retail,Unknown,1
RIVER’S EDGE ABODE BY Esse,Retail,Unknown,1
Anytime Fitness Clarke Quay,Retail,Unknown,1
REVL,Retail,Unknown,1
Swapaholic,Retail,Unknown,1
Rhythm Room,Retail,Unknown,1
LEVEL UP,Retail,Unknown,1
AIBI Outlet,Retail,Unknown,1
All Best,Retail,Unknown,1
Asia Excel,Retail,Unknown,1
ASICS Factory Outlet,Retail,Unknown,1
City Chain Outlet,Retail,Unknown,1
Clarks Outlet,Retail,Unknown,1
COACH Outlet,Retail,Unknown,1
COLDWEAR Outlet,Retail,Unknown,1
Cotton On Kids Outlet,Retail,Unknown,1
Crocodile Outlet,Retail,Unknown,1
Crocs Outlet Shop,Retail,Unknown,1
ECCO Outlet,Retail,Unknown,1
FURLA Outlet,Retail,Unknown,1
Giant Hypermarket,Retail,Unknown,1
Gingersnaps Outlet,Retail,Unknown,1
Goldlion Outletshop,Retail,Unknown,1
H M Gallery Outlet,Retail,Unknown,1
Hoe Kee,Retail,Unknown,1
Mayer Outlet,Retail,Unknown,1
Mondi Lifestyle Gallery,Retail,Unknown,1
Mr Decor Furniture Gallery,Retail,Unknown,1
Nailz Haus & Donna Beauty,Retail,Unknown,1
New Balance Outlet,Retail,Unknown,1
Nike Unite IMM,Retail,Unknown,1
NOVELA Outlet,Retail,Unknown,1
Ogawa Outlet,Retail,Unknown,1
Onitsuka Tiger Outlet,Retail,Unknown,1
OSIM Outlet,Retail,Unknown,1
Outlet by Club 21,Retail,Unknown,1
OWNDAYS Outlet,Retail,Unknown,1
PEDRO Outlet,Retail,Unknown,1
Rabeanco Outlet,Retail,Unknown,1
Rattan Pacific,Retail,Unknown,1
Red Apple,Retail,Unknown,1
REGA,Retail,Unknown,1
Samsonite Factory Outlet,Retail,Unknown,1
Seimon-Cho Outlet,Retail,Unknown,1
Sim Siang Choon,Retail,Unknown,1
Skechers Outlet,Retail,Unknown,1
SLEEPNIGHT Mattress Boutique,Retail,Unknown,1
Space N Living,Retail,Unknown,1
Spacious Planners,Retail,Unknown,1
Star Living,Retail,Singaporean,1
Sunglass Hut Outlet,Retail,Unknown,1
The Travel Store Outlet,Retail,Unknown,1
Timberland Outlet,Retail,Unknown,1
Triumph Outlet,Retail,Unknown,1
U-Home Interior Design,Retail,Unknown,1
Unisprings,Retail,Unknown,1
Winter Time Outlet,Retail,Unknown,1
OTO Outlet,Retail,Unknown,1
kate spade new york outlet,Retail,Unknown,1
Michael Kors by BuyBye Valiram Fashion Outlet,Retail,Unknown,1
Posh Living,Retail,Unknown,1
Eubiq,Retail,Unknown,1
The North Face Outlet,Retail,Unknown,1
Melissa Outlet,Retail,Unknown,1
GUESS Outlet,Retail,Unknown,1
FILA Outlet,Retail,Unknown,1
Kipling Outlet,Retail,Unknown,1
Smartbox,Retail,Unknown,1
Aartical,Retail,Unknown,1
Victoria's Secret by BuyBye Valiram Fashion Outlet,Retail,Unknown,1
Dreams Studio,Retail,Unknown,1
Aventi Living,Retail,Unknown,1
Calvin Klein Outlet,Retail,Unknown,1
Tommy Hilfiger Outlet,Retail,Unknown,1
EVISU Outlet,Retail,Unknown,1
Bath & Body Works by BuyBye Valiram Fashion Outlet,Retail,Unknown,1
Dunlopillo Suite,Retail,Unknown,1
SWAROVSKI Outlet,Retail,Unknown,1
BOSS Outlet,Retail,Unknown,1
Barani Outlet,Retail,Unknown,1
PANDORA Outlet,Retail,Unknown,1
VANS Outlet,Retail,Unknown,1
Levi's Outlet,Retail,Unknown,1
Everbest Outlet,Retail,Unknown,1
Zirconite Shield Singapore,Retail,Unknown,1
Sintex Outlet,Retail,Unknown,1
The Cosmetics Company Store,Retail,Unknown,1
Havaianas Outlet,Retail,Unknown,1
Steve Madden Outlet,Retail,Unknown,1
running lab Outlet,Retail,Unknown,1
Sperry Outlet,Retail,Unknown,1
Secret Furnishing,Retail,Unknown,1
TUMI Outlet,Retail,Unknown,1
bloomB Outlet,Retail,Unknown,1
Teva/CATERPILLAR Outlet,Retail,Unknown,1
YALE and THE S&L HOUSE,Retail,Unknown,1
"DAISO Japan, Standard Products and THREEPPY",Retail,Unknown,1
HOOGA Scents,Retail,Unknown,1
FILA KIDS OUTLET,Retail,Unknown,1
ANTA Kids Outlet,Retail,Unknown,1
Morphosis Beauty Hub,Retail,Unknown,1
Aircon Gallery by Best Tech,Retail,Unknown,1
B Outlet,Retail,Unknown,1
Bossini. X Outlet,Retail,Unknown,1
Charles & Keith Outlet,Retail,Unknown,1
Chateau de Sable Outlet,Retail,Unknown,1
Converse Outlet,Retail,Unknown,1
fitflop Outlet,Retail,Unknown,1
G2 by G2000,Retail,Unknown,1
Giordano Outlet,Retail,Unknown,1
G'Plan,Retail,Unknown,1
Kappa Outlet,Retail,Unknown,1
Lacoste Outlet,Retail,Unknown,1
Optical 88 Outlet,Retail,Unknown,1
Sorella Outlet,Retail,Unknown,1
Spectacle Hut Outlet,Retail,Unknown,1
TEAHOUSE by Soup Restaurant,Retail,Unknown,1
Benjamin Barker Outlet,Retail,Unknown,1
Pierre Cardin Lingerie Outlet,Retail,Unknown,1
Lenskart Outlet,Retail,Unknown,1
ANTA Outlet,Retail,Unknown,1
epitex Outlet,Retail,Unknown,1
ALDO Outlet,Retail,Unknown,1
Oh! Sunny Outlet,Retail,Unknown,1
Birkenstock Outlet,Retail,Unknown,1
Leonian Outlet,Retail,Unknown,1
Watch Station International & Fossil Outlet,Retail,Unknown,1
iROO Outlet,Retail,Unknown,1
Smart Innovations,Retail,Unknown,1
Oakley Outlet,Retail,Unknown,1
The Door,Retail,Unknown,1
Wilson Outlet,Retail,Unknown,1
Sam Edelman Outlet,Retail,Unknown,1
Tefal Factory Outlet,Retail,Unknown,1
Champion Outlet,Retail,Unknown,1
DaErCto,Retail,Unknown,1
HOKA Outlet,Retail,Unknown,1
Leather Atrium,Retail,Unknown,1
NAILS IN VOGUE,Retail,Unknown,1
Eyeventure Optometrist,Retail,Unknown,1
Yi Hua Xuan,Retail,Unknown,1
Bank of China ATM,Retail,Unknown,1
Jean Yip Hairdressing & Aesthetics,Retail,Unknown,1
Eyewear House,Retail,Unknown,1
Geniebook CAMPUS,Retail,Unknown,1
VeniaCherie,Retail,Unknown,1
Jon Louis,Retail,Unknown,1
ETC Travel Retail,Retail,Unknown,1
Whimsy,Retail,Unknown,1
Jiak Ba Food Heaven,Retail,Unknown,1
FEMINU,Retail,Unknown,1
Kodak Express,Retail,Unknown,1
Zone X,Retail,Unknown,1
About Flowers,Retail,Unknown,1
Yu Er Fashion,Retail,Unknown,1
Ichiru Homestyle,Retail,Unknown,1
CAPITOL OPTICAL MYOPIA MANAGEMENT CENTRE,Retail,Unknown,1
Choa Chu Kang Public Library,Retail,Unknown,1
WTS Travel & Tours,Retail,Unknown,1
Spaze The Body & Foot Spa,Retail,Unknown,1
GOOD HEALTH TCM CLINIC 好健康家庭中医诊所,Retail,Unknown,1
TAKA Jewellery Radiance,Retail,Unknown,1
Blossom,Retail,Unknown,1
BOROFONE,Retail,Unknown,1
XIANG XIANG HUNAN CUISINE 湘香·湖南菜,Retail,Foreign,1
SGFR Store,Retail,Unknown,1
Art Friend,Retail,Unknown,1
Bally Photo Electronics,Retail,Unknown,1
Caesars,Retail,Unknown,1
ZEISS Vision Center by KJ Optometrists,Retail,Unknown,1
Movie Replicas Collection,Retail,Unknown,1
Refresh TCM Wellness,Retail,Unknown,1
Seimon-cho,Retail,Unknown,1
Spotlight,Retail,Unknown,1
Stereo,Retail,Unknown,1
True Harmony,Retail,Unknown,1
Victoria Face Lift,Retail,Unknown,1
ASTALIFT,Retail,Unknown,1
ALIGN BRACES CLINIC,Retail,Unknown,1
VITOREINA,Retail,Unknown,1
Hair Inn,Retail,Unknown,1
Cellarbration,Retail,Unknown,1
Simmons Studio,Retail,Unknown,1
Wanderlust x Playdress,Retail,Unknown,1
SuperGurl,Retail,Unknown,1
Life By City Energy,Retail,Unknown,1
SKYE Aesthetics,Retail,Unknown,1
Mobile Art,Retail,Unknown,1
Neonmello,Retail,Unknown,1
Babies Bliss,Retail,Unknown,1
CO PLAY,Retail,Unknown,1
MUHAMMED MONEY CHANGER,Retail,Unknown,1
AL² RADIANT,Retail,Unknown,1
PURE SALON AND SPA,Retail,Unknown,1
Life4Cuts,Retail,Unknown,1
chicco,Retail,Unknown,1
The individual society,Retail,Unknown,1
balabala,Retail,Unknown,1
BECOME Aesthetics Clinics,Retail,Unknown,1
"Analisa, The Perfumers' Album, PARIS",Retail,Unknown,1
KIRAME,Retail,Unknown,1
SLM it!,Retail,Unknown,1
The Travel Store,Retail,Unknown,1
Mistgold,Retail,Unknown,1
ZhengXin Chicken Steak,Retail,Unknown,1
2ft. Orthotics,Retail,Unknown,1
AKEMI,Retail,Unknown,1
B. S. Moey - Chong Optometrist & Contact Lens Practitioner,Retail,Unknown,1
POH KIM DVD/Blu Ray,Retail,Unknown,1
SHOP SASSY DREAM,Retail,Unknown,1
Boulevard Outdoor Inspirations,Retail,Unknown,1
VII Skinn,Retail,Unknown,1
OGAWA Bespoke,Retail,Unknown,1
Bellroy,Retail,Unknown,1
Amore Fitness & Define,Retail,Unknown,1
Fun Station,Retail,Unknown,1
Hairology,Retail,Unknown,1
Nail Atelier,Retail,Unknown,1
DETERMINANT,Retail,Unknown,1
mimi mono 奈美良一,Retail,Unknown,1
Fun Dream,Retail,Unknown,1
T-Swirl Crepe,Retail,Unknown,1
Que Sera Vintage,Retail,Unknown,1
kizik,Retail,Unknown,1
FullOut,Retail,Unknown,1
Adore Cosmetics,Retail,Unknown,1
Yamaha Creators’ Crossing,Retail,Unknown,1
Roryland,Retail,Unknown,1
The Kind Wash,Retail,Unknown,1
Terra Luxe,Retail,Unknown,1
Pokémon Mart at Plaza Singapura,Retail,Unknown,1
ESTA,Retail,Unknown,1
FE The Nail Lounge,Retail,Unknown,1
Fraiche,Retail,Unknown,1
Hair by Billie,Retail,Unknown,1
Lemongrass House,Retail,Unknown,1
Li-Hong Jade,Retail,Unknown,1
Ode to Art,Retail,Unknown,1
Raffles City Concierge,Retail,Unknown,1
Saj Exchange,Retail,Unknown,1
Secret Garden,Retail,Unknown,1
Urban Revivo,Retail,Unknown,1
Bynd Artisan,Retail,Singaporean,1
S Lady,Retail,Unknown,1
Pablo Blau,Retail,Unknown,1
The Body Firm,Retail,Unknown,1
HERMETISE,Retail,Unknown,1
TRESORY.,Retail,Unknown,1
Acqua di Parma,Retail,Unknown,1
Tns SIGNATURE,Retail,Unknown,1
byCaxs DOLL PARLOUR,Retail,Unknown,1
Dr Scalp,Retail,Unknown,1
Creed,Retail,Unknown,1
Kave Home,Retail,Unknown,1
Qoltured by Fortytwo,Retail,Unknown,1
NK BY NIKI,Retail,Unknown,1
NEIWAI,Retail,Unknown,1
HARNN,Retail,Unknown,1
Real Yoga,Retail,Unknown,1
21 Medical Aesthetics Clinic,Retail,Unknown,1
Victoria Beauty SPA,Retail,Unknown,1
Sanchō by Chek Hong Leather,Retail,Unknown,1
Modelle,Retail,Unknown,1
YSL Beauty,Retail,Unknown,1
Food Art,Retail,Unknown,1
LUMINE SINGAPORE,Retail,Unknown,1
Armani Beauty,Retail,Unknown,1
Clifford Gems & Money Exchange,Retail,Unknown,1
Drs Singh & Partners,Retail,Unknown,1
Kim.T - Artsseni,Retail,Unknown,1
Spa D'Or,Retail,Unknown,1
Willow Stream Spa,Retail,Unknown,1
Chopard at Cortina Watch,Retail,Unknown,1
UCHINO Bath & Relaxation,Retail,Unknown,1
TUDOR at Cortina Watch,Retail,Unknown,1
Cartier at Cortina Watch,Retail,Unknown,1
KILIAN PARIS,Retail,Unknown,1
Editions De Parfums Frédéric Malle,Retail,Unknown,1
SINGCHOICE Beauty & Health,Retail,Unknown,1
SENZE Boutique Spa by Senze Salus,Retail,Unknown,1
K-SWISS,Retail,Unknown,1
TARANIS,Retail,Unknown,1
Nectarlife,Retail,Unknown,1
Yan Sang Tang,Retail,Unknown,1
Niessing,Retail,Unknown,1
Edition,Retail,Unknown,1
Hermès Perfume and Beauty store,Retail,Unknown,1
YeoMama Batik,Retail,Unknown,1
Amouage,Retail,Unknown,1
SOPHIA,Retail,Unknown,1
H. Moser & Cie at Cortina Watch,Retail,Unknown,1
Dressing Paula,Retail,Unknown,1
Prada Beauty,Retail,Unknown,1
SEUNG TAE,Retail,Unknown,1
arena,Retail,Unknown,1
Julia Gabriel Centre,Retail,Unknown,1
Lee Hwa Jewellery,Retail,Singaporean,1
POH HENG,Retail,Unknown,1
Chen Kang Wellness,Retail,Unknown,1
GameXtreme,Retail,Unknown,1
N20 Beauty & Eyelash,Retail,Unknown,1
The Care,Retail,Unknown,1
Aēsop,Retail,Unknown,1
Chandra Exchange,Retail,Unknown,1
STERRA,Retail,Unknown,1
My Hairstylistz,Retail,Unknown,1
Spacio Hub,Retail,Unknown,1
Namh.com,Retail,Unknown,1
UOB Autolobby,Retail,Unknown,1
Lush Fresh Handmade Cosmetics,Retail,Unknown,1
ELEMIS,Retail,Unknown,1
Weston Corp World Cup,Retail,Unknown,1
FitFlop and Teva,Retail,Unknown,1
DF Academy,Retail,Unknown,1
Fitness First Platinum,Retail,Unknown,1
ORO GOLD Cosmetics,Retail,Unknown,1
Unionware,Retail,Unknown,1
Million Dollar Exchange,Retail,Unknown,1
Zoomoov,Retail,Unknown,1
REDMAN by Phoon Huat,Retail,Unknown,1
Nuffield Dental Westgate,Retail,Unknown,1
Queen College,Retail,Unknown,1
Cloud9 Studio,Retail,Unknown,1
schönemama,Retail,Unknown,1
Rouge By Barracks,Retail,Unknown,1
La Belle Skin Aesthetic,Retail,Unknown,1
EMPIRE,Retail,Unknown,1
OPPO Service Centre,Retail,Unknown,1
Beneunder 蕉下,Retail,Unknown,1
Yooland,Retail,Unknown,1
Pianoland,Retail,Unknown,1
Knots Flowers and More,Retail,Unknown,1
ClearSK Laser Aesthetic Clinic,Retail,Unknown,1
MindChamps Reading & Writing,Retail,Unknown,1
Top Feeling International,Retail,Unknown,1
Young Curves,Retail,Unknown,1
Jean Yip Hairdressing & Hair Spa,Retail,Unknown,1
EMTOP - Making A Difference,Retail,Unknown,1
POM - Press On Me,Retail,Unknown,1
Tesla,Retail,Unknown,1
Avinichi,Retail,Unknown,1
TTE Elephant,Retail,Unknown,1
Samata,Retail,Unknown,1
ABC Cooking Studio,Retail,Unknown,1
Alan Photo,Retail,Unknown,1
Audio-Technica,Retail,Unknown,1
Drumstruck Studios,Retail,Unknown,1
Expressions,Retail,Unknown,1
Herschel,Retail,Unknown,1
Iuiga,Retail,Unknown,1
Koong Woh Tong,Retail,Unknown,1
T K FOTO,Retail,Unknown,1
TFX,Retail,Unknown,1
The Green Capsule,Retail,Unknown,1
The Green Collective,Retail,Unknown,1
The Kiap Kiap Place,Retail,Unknown,1
Think,Retail,Unknown,1
Wardrobemess,Retail,Unknown,1
WILD RICE,Retail,Unknown,1
Moomin,Retail,Unknown,1
OUTDOOR LIFE,Retail,Unknown,1
Flight Experience,Retail,Unknown,1
CR Group,Retail,Unknown,1
BLAXK,Retail,Unknown,1
White30,Retail,Unknown,1
Hydro Flask,Retail,Unknown,1
Skin Belief,Retail,Unknown,1
Celmonze Signature Aesthetic,Retail,Unknown,1
Functional Health Centre,Retail,Unknown,1
TOPSPEED Racing Club,Retail,Unknown,1
RSL - Rock School London,Retail,Unknown,1
TOMS,Retail,Unknown,1
Wooderful Life,Retail,Unknown,1
Yi Atelier of Brows,Retail,Unknown,1
Pas Normal Studios,Retail,Unknown,1
Modparade,Retail,Unknown,1
Omnidesk,Retail,Unknown,1
Astute Medical Clinic,Retail,Unknown,1
Alchemist & Arcade,Retail,Unknown,1
Hallyu Hair,Retail,Unknown,1
JD,Retail,Unknown,1
Nikon Experience Hub,Retail,Unknown,1
Sonata Dancewear,Retail,Unknown,1
The Experts Sound,Retail,Unknown,1
THEIMPRINT.SG,Retail,Unknown,1
RazerStore,Retail,Unknown,1
Ace Club Tennis,Retail,Unknown,1
madeyoulook,Retail,Unknown,1
US Pizza,Retail,Unknown,1
Elite Supplements,Retail,Unknown,1
Ning,Retail,Unknown,1
Pure K 纯K,Retail,Unknown,1
allbirds,Retail,Unknown,1
crafune,Retail,Unknown,1
The Sparkle Star,Retail,Unknown,1
AlphaTheta,Retail,Unknown,1
The Everyday Club,Retail,Unknown,1
Roborock,Retail,Unknown,1
Pick Me,Retail,Unknown,1
Slinnar’s Beauty Club,Retail,Unknown,1
The Eco Club,Retail,Unknown,1
Invader & ASUS,Retail,Unknown,1
Morris I Tech,Retail,Unknown,1
Softopia,Retail,Unknown,1
Ten Ren's Tea 天仁茗茶,Retail,Unknown,1
OVERWORLD,Retail,Unknown,1
AL-AMAN EXCHANGE,Retail,Unknown,1
AfactivecasualXKaftanique,Retail,Unknown,1
Clinique,Retail,Unknown,1
Fujitec,Retail,Unknown,1
GK Global,Retail,Unknown,1
Ilham Empire,Retail,Unknown,1
JML,Retail,Unknown,1
Joyre TCMedi Clinic,Retail,Unknown,1
Lifexp,Retail,Unknown,1
Luxebags,Retail,Unknown,1
Mabel Story,Retail,Unknown,1
MADERA.SG,Retail,Unknown,1
POSB ATM/AXS,Retail,Unknown,1
StarHub Shop,Retail,Unknown,1
Symphony Music School,Retail,Unknown,1
Telecoms Link Mobile,Retail,Unknown,1
The Spacio Clinic,Retail,Unknown,1
TOG - Toy or Game,Retail,Unknown,1
VS Salon Hairdressing,Retail,Unknown,1
Yuer,Retail,Unknown,1
3Sixty Degree Lab,Retail,Unknown,1
ASLOWE,Retail,Unknown,1
BenTahir,Retail,Unknown,1
Blackoutz,Retail,Unknown,1
BolotreeSG,Retail,Unknown,1
CHJ JEWELLERY,Retail,Unknown,1
Citispa,Retail,Unknown,1
Cupid,Retail,Unknown,1
DRX MEDICAL AESTHETICS X-PRESS,Retail,Unknown,1
EduFirst Learning Centre,Retail,Unknown,1
Express Money Exchange,Retail,Unknown,1
First Lady Nails & Beauty,Retail,Unknown,1
Han Dian TCM,Retail,Unknown,1
Hao Yi Tou,Retail,Unknown,1
Hush Puppies Apparel,Retail,Unknown,1
i.Dental,Retail,Unknown,1
JC Global,Retail,Unknown,1
Jean Yip Hairdressing/ Jean Yip Slimming & Beauty,Retail,Unknown,1
Kappa / Sergio Tacchini,Retail,Unknown,1
Kim Able Household,Retail,Unknown,1
Kiyo,Retail,Unknown,1
La Belle,Retail,Unknown,1
La Vida & Nailz Haus,Retail,Unknown,1
Luminous Dental @ Yishun,Retail,Unknown,1
My English School,Retail,Unknown,1
Nails N Lash,Retail,Unknown,1
Natrahea,Retail,Unknown,1
Ngee Soon Jewellery,Retail,Unknown,1
One2play Handicraft,Retail,Unknown,1
Only Fashion,Retail,Unknown,1
Osaka Owl,Retail,Unknown,1
Party Palace,Retail,Unknown,1
Phillip Investor Centre,Retail,Unknown,1
PickyPic Photobooth,Retail,Unknown,1
Scarlett Choice,Retail,Unknown,1
Shafeek Exchange Money Changer,Retail,Unknown,1
Shimmer & Shine,Retail,Unknown,1
SK Treasures,Retail,Unknown,1
Sri Murugan Supermarket,Retail,Unknown,1
Sunday Mobile Telecommunications,Retail,Unknown,1
Sunflower Piano House,Retail,Unknown,1
Sunshine Childhood Playland,Retail,Unknown,1
TCL,Retail,Unknown,1
The Belt Shop,Retail,Unknown,1
The Little Arts Academy - North Campus I,Retail,Unknown,1
The Little Arts Academy - North Campus II,Retail,Unknown,1
Toys Terminal,Retail,Unknown,1
Unusual Express,Retail,Unknown,1
Van Heusen,Retail,Unknown,1
Vintage Studio Hairdressing,Retail,Unknown,1
Winter Time,Retail,Unknown,1
Yishun Library,Retail,Unknown,1
Bedroom Affairs,Retail,Unknown,1
Clippers Barber & Smoovee Skin,Retail,Unknown,1
Dollhouse,Retail,Unknown,1
Edvox Music School,Retail,Unknown,1
Eyechamp Young,Retail,Unknown,1
Heguru Education Centre,Retail,Unknown,1
Innersense Signature,Retail,Unknown,1
Jean Yip Hairdressing Hair Spa & Beauty,Retail,Unknown,1
Maison Berger Paris,Retail,Unknown,1
OneDoctors Family Clinic,Retail,Unknown,1
Pictureland,Retail,Unknown,1
Punggol Exchange,Retail,Unknown,1
QB House Kids,Retail,Unknown,1
Raffles Medical / Raffles Children's Centre,Retail,Unknown,1
Sciencewerkz by Stalford,Retail,Unknown,1
Shugar Spa,Retail,Unknown,1
Smile Doctor Dentalcare @ Punggol Waterway,Retail,Unknown,1
The Pet Safari,Retail,Unknown,1
THEGREYSPACE.CO,Retail,Unknown,1
Thomson Paediatric Centre & Thomson Chinese Medicine,Retail,Unknown,1
Thomson Women’s Clinic,Retail,Unknown,1
Toys 'R' Us,Retail,Unknown,1
VS Salon Hairdressing Spa,Retail,Unknown,1
XGEAR,Retail,Unknown,1
Amore Fitness,Retail,Unknown,1
Anthony Hair Boutique,Retail,Unknown,1
Beauty Full Skin Wellness,Retail,Unknown,1
Cheng Rui Lifestyle Feng Shui,Retail,Unknown,1
elly sera,Retail,Unknown,1
HUES by Full House Salon,Retail,Unknown,1
ICON Hair Salon,Retail,Unknown,1
KOMME,Retail,Unknown,1
Lenskart Studio,Retail,Unknown,1
Love Beauty,Retail,Unknown,1
Lynn Aesthetic,Retail,Unknown,1
Minister Shoe,Retail,Unknown,1
misssee,Retail,Unknown,1
OJO Optometry,Retail,Unknown,1
Perky Lash,Retail,Unknown,1
Pixie Lash,Retail,Unknown,1
Q & M Dental Surgery / Medical & Aesthetic Clinic,Retail,Unknown,1
Queen C,Retail,Unknown,1
QUINZEL,Retail,Unknown,1
Raffles Dental / Medical Women’s & Children’s Centre,Retail,Unknown,1
Rechic,Retail,Unknown,1
Royce Dental Orthodontic Centre,Retail,Unknown,1
Salt Clinic by Premier Dead Sea,Retail,Unknown,1
Scent Appeal,Retail,Unknown,1
Skin Labo,Retail,Unknown,1
Sothys,Retail,Unknown,1
The Moments,Retail,Unknown,1
Venus Tears,Retail,Unknown,1
3TMOBILESTORY,Retail,Unknown,1
All Best Air-Conditioning,Retail,Unknown,1
Beauty Essentials,Retail,Unknown,1
Cash Lux,Retail,Unknown,1
Cloud9,Retail,Unknown,1
Dayspring Medical Clinic,Retail,Unknown,1
DBS/POSB,Retail,Unknown,1
Geniebook CAMPUS & AfterSkool,Retail,Unknown,1
Hua Cheng & Learning Point,Retail,Unknown,1
Let Color Soar,Retail,Unknown,1
LEWAVE Hair Studio,Retail,Unknown,1
Lucky Rabbit,Retail,Unknown,1
MultiFlora,Retail,Unknown,1
Shara Exchange,Retail,Unknown,1
SuzyAmeer,Retail,Unknown,1
The Sense House,Retail,Unknown,1
Yang Hua Furniture Trading,Retail,Unknown,1
Crystal Optics,Retail,Unknown,1
ePLAY,Retail,Unknown,1
Healthway Hougang Clinic,Retail,Unknown,1
Jean Yip Salon,Retail,Unknown,1
Kai Joo Optical,Retail,Unknown,1
KENJO,Retail,Unknown,1
M.S. Money Exchange,Retail,Unknown,1
Nails Fifth Avenue,Retail,Unknown,1
Vanilla Taste of Beauty,Retail,Unknown,1
Venia Cherie,Retail,Unknown,1
Blue Ribbon Florist & Gifts,Retail,Unknown,1
Brow Art Asia,Retail,Unknown,1
Glassesgateway,Retail,Unknown,1
Honor Experience Store,Retail,Unknown,1
Iliyas Trading Money Changer,Retail,Unknown,1
Jean Yip Group,Retail,Unknown,1
Kent Ridge Education Hub,Retail,Unknown,1
KSkin and Myeongdong Hair Studio,Retail,Unknown,1
Lee Heng Jewellers,Retail,Unknown,1
POPPIN Marketplace,Retail,Unknown,1
Royce Dental Centre,Retail,Unknown,1
SBCC Baby & Child Clinic,Retail,Unknown,1
Star River Language School,Retail,Unknown,1
Surfers Paradise,Retail,Unknown,1
Tiong Bahru Dental Surgery,Retail,Unknown,1
uBreakiFix,Retail,Unknown,1
Accentz,Retail,Unknown,1
Ai Tang Zu,Retail,Unknown,1
ClawGey,Retail,Unknown,1
Donna Beauty,Retail,Unknown,1
G Military,Retail,Unknown,1
K Shoe & Bags Services,Retail,Unknown,1
Music Delight School,Retail,Unknown,1
Nanyang Educational Consultancy,Retail,Unknown,1
Pasir Ris Library,Retail,Unknown,1
Perfetto,Retail,Unknown,1
Rahim Traders Money Changer,Retail,Unknown,1
Sa’Yang Hair,Retail,Unknown,1
Shreeyaasha Hair & Beauty Salon,Retail,Unknown,1
Tokyo Zone 1945,Retail,Unknown,1
Y.Y. Household,Retail,Unknown,1
Absolute Boutique Fitness Studio,Retail,Unknown,1
Accessity,Retail,Unknown,1
Amazing Collective,Retail,Unknown,1
AMB Aquatic Hub,Retail,Unknown,1
Angelique Boutique,Retail,Unknown,1
Asian Artistry,Retail,Unknown,1
BBounce Studio,Retail,Unknown,1
Be U Hair Design,Retail,Unknown,1
Beautique,Retail,Unknown,1
Belle Watch,Retail,Unknown,1
Best Imprezzione,Retail,Unknown,1
Bioskin,Retail,Unknown,1
Bioskin Luxe Aesthetic Clinic,Retail,Unknown,1
Cardboard Collectible,Retail,Unknown,1
Caribbean,Retail,Unknown,1
Carousell Luxury,Retail,Unknown,1
Clariti - Hearing Care Professionals,Retail,Unknown,1
Clearlab,Retail,Unknown,1
Diamond Ateliers,Retail,Unknown,1
DLUSH.SG,Retail,Unknown,1
DrScalp,Retail,Unknown,1
Eclado,Retail,Unknown,1
Fotohi Carpet Gallery,Retail,Unknown,1
FREE Skin & Body Perfect,Retail,Unknown,1
Guo Tai TCM Rehab & Wellness Centre,Retail,Unknown,1
HAKKA,Retail,Unknown,1
Healthway Medical & Straits Podiatry,Retail,Unknown,1
House of Cars,Retail,Unknown,1
Imago Aesthetic,Retail,Unknown,1
JM Taekwondo,Retail,Unknown,1
JungSung Hair Salon by Joel Park,Retail,Unknown,1
Kashmir Heritage,Retail,Unknown,1
KAYLÎE,Retail,Unknown,1
KIMISTRY,Retail,Unknown,1
KPLUS,Retail,Unknown,1
Luxe Maison,Retail,Unknown,1
Masterpiece Jewellery,Retail,Unknown,1
Milan Men's Boutique,Retail,Unknown,1
Molecule,Retail,Unknown,1
NEUGLOW The Aesthetics Doctors,Retail,Unknown,1
Niks Maple Central Clinic,Retail,Unknown,1
Niks Shop Salon,Retail,Unknown,1
Ong Radio,Retail,Unknown,1
Optics Premier,Retail,Unknown,1
Photonow Self-Photo Studio,Retail,Unknown,1
Pink Parlour Premium,Retail,Unknown,1
Pirate Land,Retail,Unknown,1
POPPIN,Retail,Unknown,1
Pots & Pans Culinary Studio,Retail,Unknown,1
Rachel's Best Soaps,Retail,Unknown,1
Robert Piano,Retail,Unknown,1
Seimpi Education,Retail,Unknown,1
Shinagawa Eye Clinic,Retail,Unknown,1
Short-Q,Retail,Unknown,1
Singtel +Serv,Retail,Unknown,1
Skin Creations,Retail,Unknown,1
SKN MediAesthetics,Retail,Unknown,1
Sol Mart,Retail,Unknown,1
Sugarwaxed,Retail,Unknown,1
Sunglass Avenue,Retail,Unknown,1
The Chrono Vault,Retail,Unknown,1
The JeJe Korea,Retail,Unknown,1
The ShoeCo,Retail,Unknown,1
Therapy Market,Retail,Unknown,1
Tiara Creation,Retail,Unknown,1
Trapped Escape Room,Retail,Unknown,1
utopia,Retail,Unknown,1
VANDAMOD,Retail,Unknown,1
Voila Paris,Retail,Unknown,1
WeArt,Retail,Unknown,1
Wigwise Hair Solution,Retail,Unknown,1
Wolfgang Violin Studio,Retail,Unknown,1
X-Zen Hair Salon,Retail,Unknown,1
Zanetta,Retail,Unknown,1
2it & drink,Retail,Unknown,1
85 Redhill Teochew Fishball Noodles,Retail,Unknown,1
Au Croissant,Retail,Unknown,1
Crystal Wines,Retail,Unknown,1
Elegant Nails,Retail,Unknown,1
GreenLeiF,Retail,Unknown,1
LR Boulangerie,Retail,Unknown,1
Nam Kee Pau,Retail,Singaporean,1
Natureland Massage & Therapy,Retail,Unknown,1
Phat Burger Bro,Retail,Unknown,1
Sabai Sabai Thai Private Kitchen,Retail,Unknown,1
Starbucks,Retail,Foreign,1
The Achievers’ Learning Place,Retail,Unknown,1
Vets for Life Animal Clinic,Retail,Unknown,1
Zara Men,Retail,Unknown,1
Fabindia,Retail,Unknown,1
Lee Hwa Diamond Atelier,Retail,Unknown,1
[RDM] New Sharepoint API Key,Retail,Unknown,1
VIP Parking Zone,Retail,Unknown,1
Victoria's Secret and Pink by Victoria's Secret,Retail,Unknown,1
Twister,Retail,Unknown,1
Transformer,Retail,Unknown,1
The Polliwogs,Retail,Unknown,1
The Lion King Story,Retail,Unknown,1
The Game of Life,Retail,Unknown,1
TEST002Bags,Retail,Unknown,1
Test Store Pay Configurations,Retail,Unknown,1
test store again for configurations,Retail,Unknown,1
Test Store,Retail,Unknown,1
Store without unit number,Retail,Unknown,1
Store Mapping Store (Zara),Retail,Unknown,1
Pull&Bear,Retail,Foreign,1
Play-Doh,Retail,Unknown,1
Planet of Play,Retail,Unknown,1
New Store Test,Retail,Unknown,1
NERF,Retail,Unknown,1
My Little Pony,Retail,Unknown,1
Monopoly,Retail,Unknown,1
Hungry Hungry Hippo,Retail,Unknown,1
EsBoudoir,Retail,Unknown,1
Demo Store for Demo,Retail,Unknown,1
Connect 4,Retail,Unknown,1
6IXTY8IGHT,Retail,Unknown,1
Testing 2,Retail,Unknown,1
library@harbourfront,Retail,Unknown,1
BUBEN & ZORWEG,Retail,Unknown,1
YUTOPIA,Retail,Unknown,1
CHALLENGER B3,Retail,Unknown,1
LANCOME (LANCÔME),Retail,Unknown,1
A. LANGE & SOHNE,Retail,Unknown,1
MCQUEEN,Retail,Unknown,1
ALUXE JEWELRY,Retail,Unknown,1
AlX ARMANI EXCHANGE,Retail,Unknown,1
BOBBI BROWN,Retail,Unknown,1
CASETIFY STUDIO,Retail,Unknown,1
CHANEL PRIVE,Retail,Unknown,1
CHEAK,Retail,Unknown,1
DIOR B2-52,Retail,Unknown,1
CLARINS SKIN SPA,Retail,Unknown,1
CLE DE PEAU BEAUTE,Retail,Unknown,1
CLUB MONACO,Retail,Unknown,1
COULISSE HEIR,Retail,Unknown,1
CRUMPLER,Retail,Unknown,1
CURIOUS CREATURES,Retail,Unknown,1
DESIGUAL,Retail,Unknown,1
DIOR PRESTIGE LA SUITE,Retail,Unknown,1
ELEMIS LONDON,Retail,Unknown,1
ENVIE DE POIS,Retail,Unknown,1
GIORGIO ARMANI BEAUTY,Retail,Unknown,1
GOLDHEART JEWEL GALLERIA,Retail,Unknown,1
GRAF VON FABER-CASTELL,Retail,Unknown,1
GUARDIAN B4,Retail,Unknown,1
HAIR ATELIER BY SHUNJI MATSUO,Retail,Unknown,1
HARRY WINSTON,Retail,Unknown,1
HELENA RUBINSTEIN,Retail,Unknown,1
HUGO,Retail,Unknown,1
I-PRIMO,Retail,Unknown,1
IN GOOD COMPANY,Retail,Singaporean,1
JENNIFER GREEN,Retail,Unknown,1
JERIC SALON,Retail,Unknown,1
JUNGSAEMMOOL,Retail,Unknown,1
KATE SPADE,Retail,Foreign,1
KERASTASE,Retail,Unknown,1
KIPLING,Retail,Unknown,1
LEE HWA DIAMOND PROMENADE,Retail,Unknown,1
LEGO,Retail,Foreign,1
LOVET,Retail,Singaporean,1
MAX&CO.,Retail,Unknown,1
MIZU AESTHETIC CLINIC + AERAS,Retail,Unknown,1
MONICA VINADER,Retail,Unknown,1
NESPRESSO,Retail,Unknown,1
OPERA GALLERY,Retail,Unknown,1
OPTICAL 88 PREMIER,Retail,Unknown,1
PARFUMS CHRISTIAN DIOR,Retail,Unknown,1
PROOF LIVING,Retail,Unknown,1
PULSE+ALLIED HEALTH CLINIC / PULSE TCM CLINIC,Retail,Unknown,1
RISIS,Retail,Unknown,1
ROLEX,Retail,Foreign,1
SINGAPORE AIRLINES,Retail,Unknown,1
SINGAPORE POST,Retail,Unknown,1
SPA ELEMENTS,Retail,Unknown,1
STEINWAY & SONS,Retail,Unknown,1
SUPERGA,Retail,Unknown,1
TAKA JEWELLERY TREASURES,Retail,Unknown,1
THE NORTH FACE,Retail,Foreign,1
THE OAK CELLARS,Retail,Unknown,1
THE ONITSUKA,Retail,Unknown,1
V-ZUG,Retail,Unknown,1
VICTORIA'S SECRET AND PINK,Retail,Unknown,1
VOM FASS,Retail,Unknown,1
YVES SAINT LAURENT BEAUTE,Retail,Unknown,1
Aroma Truffle,Retail,Unknown,1
Bee Cheng Hiang,Retail,Singaporean,1
Bengawan Solo,Retail,Singaporean,1
Ble de Fonty (Opening Soon),Retail,Unknown,1
BLUEBIRD TRAVEL,Retail,Unknown,1
Buttonscarves,Retail,Unknown,1
CAPSULE by Watches of Switzerland,Retail,Unknown,1
Dyson Demo Store Service Centre,Retail,Unknown,1
Fila Flagship S.E.A,Retail,Unknown,1
Foot Locker,Retail,Foreign,1
Fragrance Bak Kwa,Retail,Unknown,1
Gift by Changi Airport,Retail,Unknown,1
GODIVA Chocolatier,Retail,Unknown,1
Goelia,Retail,Unknown,1
Gulf Fragrances,Retail,Unknown,1
Home's Favourite Bakes,Retail,Unknown,1
I LOVE SG,Retail,Unknown,1
Irvins Salted Egg,Retail,Unknown,1
Jelly Pop,Retail,Unknown,1
Kele,Retail,Unknown,1
Kwong Cheong Thye,Retail,Unknown,1
Lavender,Retail,Unknown,1
Lim Chee Guan,Retail,Unknown,1
Liverpool Football Club,Retail,Unknown,1
Läderach,Retail,Unknown,1
Mdm Ling Bakery,Retail,Unknown,1
Minmed Wellness Collective,Retail,Unknown,1
Montale Paris,Retail,Unknown,1
Nectarlife | Pearl de Flore,Retail,Unknown,1
On,Retail,Foreign,1
One Piece Mugiwara store from Shonen Jump,Retail,Unknown,1
OSIM / LAC,Retail,Unknown,1
OVV,Retail,Unknown,1
Oysho,Retail,Unknown,1
Palladium,Retail,Unknown,1
Pokémon Center Singapore (Temporarily Closed),Retail,Unknown,1
Porsche,Retail,Unknown,1
Red Wing Shoe Store,Retail,Unknown,1
RICH & GOOD CAKE SHOP since 1997 TM,Retail,Unknown,1
Sanrio Characters Store,Retail,Unknown,1
Sasa,Retail,Foreign,1
Satellite Paris | ELLI,Retail,Unknown,1
Simply Zakka,Retail,Unknown,1
Singapura Otter by Creamier,Retail,Unknown,1
SNACK BOX,Retail,Unknown,1
The Backyard Bakers,Retail,Unknown,1
The Gundam Base Singapore,Retail,Unknown,1
The Wonder Store,Retail,Unknown,1
Timberland,Retail,Foreign,1
Toast Box & Thye Moh Chan,Retail,Unknown,1
Tong Garden,Retail,Unknown,1
Topologie,Retail,Unknown,1
Traveller World,Retail,Unknown,1
VictoriaEnso,Retail,Unknown,1
WC Store,Retail,Unknown,1
YU Cookies (Temporarily closed),Retail,Unknown,1
10 SQUARE @ ORCHARD CENTRAL,Retail,Unknown,1
AM I ADDICTED KOREAN POTTERY STUDIO,Retail,Unknown,1
ASSEMBLE / ACCENT,Retail,Unknown,1
BACKSTAGE HAIR SALON,Retail,Unknown,1
CERAMIQUE AESTHETICS,Retail,Unknown,1
CERAMIQUE AESTHETICS. WELLNESS,Retail,Unknown,1
CLUB 101,Retail,Unknown,1
CLUB PILATES,Retail,Unknown,1
CONFORMITY,Retail,Unknown,1
DO MY HAIR,Retail,Unknown,1
DOPAMINE RUSH,Retail,Unknown,1
DR. SOLUTIONS AESTHETIC CLINIC,Retail,Unknown,1
EVOLVE MMA,Retail,Unknown,1
FANTASIA MUSIC ACADEMY,Retail,Unknown,1
FLO. BY ABRAKADOODLE,Retail,Unknown,1
HANA FILM,Retail,Unknown,1
HAPPY TOGETHER,Retail,Unknown,1
KUKO Beauty,Retail,Unknown,1
LA LUMIERE AESTHETIC,Retail,Unknown,1
LOVELOTS LUXURY & DIAMOND,Retail,Unknown,1
MAX OUT FITNESS,Retail,Unknown,1
MEDICELS AESTHETICS,Retail,Unknown,1
OBLIQUE EYEWEAR,Retail,Unknown,1
OLSON STUDIO,Retail,Unknown,1
ONY LASER,Retail,Unknown,1
OVERWORLD LAVA,Retail,Unknown,1
RACHELSHOPPE,Retail,Unknown,1
SANDBOX,Retail,Unknown,1
SIMBA Telecom,Retail,Unknown,1
SUBLIME HAIRDRESSING,Retail,Unknown,1
SUGOI BEAUTY AND COLLECTION,Retail,Unknown,1
THE DRX CLINIC,Retail,Unknown,1
UFIT CLINIC,Retail,Unknown,1
W LAB,Retail,Unknown,1
WALKING ON SUNSHINE (HAIR/NAIL/CAFE),Retail,Unknown,1
WAX FACTOR,Retail,Unknown,1
WEN'S FLORAL STUDIO,Retail,Unknown,1
YOU ARE MY SUNSHINE SALON,Retail,Unknown,1
YOUR AUTHENTIC SELLER,Retail,Unknown,1
3DSENSE MEDIA SCHOOL,Retail,Unknown,1
ADVENTURE 21,Retail,Unknown,1
CASE LOGIC,Retail,Unknown,1
CASH STUDIO,Retail,Unknown,1
CHONG HOE HEALTHCARE,Retail,Unknown,1
COLOR MOON ART STUDIO,Retail,Unknown,1
CUE 8 BILLIARDS,Retail,Unknown,1
DAISO X THREEPPY,Retail,Unknown,1
E'BOUNTY SKINCARE,Retail,Unknown,1
ELAN HAIR STUDIO,Retail,Unknown,1
ELEGANCE ETERNAL,Retail,Unknown,1
EMERGE ARTS & MEDIA ACADEMY,Retail,Unknown,1
EYE STUDIO TOKYO,Retail,Unknown,1
FIRMAN SHAH ISLAND,Retail,Unknown,1
FRESH DE BEAU,Retail,Unknown,1
FRESHE BEAUTE,Retail,Unknown,1
FRIENDS GOLF,Retail,Unknown,1
GRACE NAIL,Retail,Unknown,1
IMPRESSION FACE & BODY CARE,Retail,Unknown,1
INTO BEAUTY,Retail,Unknown,1
IZUMI AESTHETICS,Retail,Unknown,1
JOVIAL WELLNESS AND AESTHETICS,Retail,Unknown,1
JUBA,Retail,Unknown,1
KAI KAI GIFTS,Retail,Unknown,1
KEW ORGANICS,Retail,Unknown,1
KIDO,Retail,Unknown,1
KOJIMAYA,Retail,Unknown,1
KYOK STUDIOS,Retail,Unknown,1
LETUTU,Retail,Unknown,1
MAZE ACADEMY,Retail,Unknown,1
MERIYOUNG TCM,Retail,Unknown,1
NATIONAL VOLUNTEER & PHILANTHROPY CENTRE (THE GIVING PLACE),Retail,Unknown,1
NEWLIFE DENTAL PRACTICE,Retail,Unknown,1
OFFICE MATE STATIONERY,Retail,Unknown,1
ONEDAY HEAD CARE & WELLNESS,Retail,Unknown,1
ONEDAY NAILS LASHES BROWS,Retail,Unknown,1
PEAK360,Retail,Unknown,1
SECRET SKIN BY SKIN LABO,Retail,Unknown,1
SKIN NATURLIQUE,Retail,Unknown,1
SNOW MONSTER,Retail,Unknown,1
SUN TANNING STUDIO,Retail,Unknown,1
THE HENG'S JEWELLERY,Retail,Unknown,1
THE JOY OF TOYS,Retail,Unknown,1
THE RESTYLE TRAIT,Retail,Unknown,1
THEE BOLD STORIES,Retail,Unknown,1
THREES BEAUTY SALON,Retail,Unknown,1
UCCI,Retail,Unknown,1
WELOVECURATINGSG,Retail,Unknown,1
AMBER FAMILY CLINIC,Retail,Unknown,1
AURRA BY JET CONCEPTS,Retail,Unknown,1
BAO ZHI TANG FOOT REFLEXOLOGY,Retail,Unknown,1
EAST SIDE PILATES,Retail,Unknown,1
ENGLISH BY JEN,Retail,Unknown,1
GIFTED AND TALENTED EDUCATION,Retail,Unknown,1
GUINOT INSTITUT PARIS,Retail,Unknown,1
HAIRPLUSLAB,Retail,Unknown,1
HESS PRESCHOOL,Retail,Unknown,1
JS SKIN,Retail,Unknown,1
KKKL TRAVEL & TOURS,Retail,Unknown,1
LA PEAU BEAUTY SALON,Retail,Unknown,1
M COSSET,Retail,Unknown,1
META ROBOTICS,Retail,Unknown,1
O'COLOR HAIR SALON,Retail,Unknown,1
SKINLUX,Retail,Unknown,1
THE MUSIC CIRCLE,Retail,Unknown,1
HOLA MOBILE PITSTOP,Retail,Unknown,1
JAN & ELLY ENGLISH LANGUAGE SCHOOL,Retail,Unknown,1
JULIA GABRIEL,Retail,Unknown,1
MY CHIROCARE,Retail,Unknown,1
NUFFIELD DENTAL SELETAR,Retail,Unknown,1
ROSABELLE LAUNDERETTE,Retail,Unknown,1
SOULWORKS BY KOYEE,Retail,Unknown,1
ANGLICAN SENIOR CENTRE,Retail,Unknown,1
BUSY BEES LEARNING CENTRE,Retail,Unknown,1
FS8,Retail,Unknown,1
SMILEARTS DENTAL STUDIO,Retail,Unknown,1
X'VOCK STUDIO HAIR & BEAUTY,Retail,Unknown,1
YOUNG DANCERS ACADEMY,Retail,Unknown,1
ALL IN ONE ACADEMY,Retail,Unknown,1
APAX MEDICAL & AESTHETICS CLINIC,Retail,Unknown,1
DENTAL FOCUS JUNCTION 10 CLINIC,Retail,Unknown,1
HANLIN LANGUAGE SCHOOL,Retail,Unknown,1
KJ OPTOMETRISTS,Retail,Unknown,1
NEW LIFE CHILDCARE,Retail,Unknown,1
NUH CHILDREN'S URGENT CARE CLINIC @ BUKIT PANJANG,Retail,Unknown,1
NUHEALTH MEDICAL CENTRE,Retail,Unknown,1
O.H EYE,Retail,Unknown,1
OSSIA MUSIC SCHOOL,Retail,Unknown,1
SHENG SIONG SUPERMARKET,Retail,Singaporean,1
TAEGEUK TAEKWONDO,Retail,Unknown,1
THE WRITER’S PLACE,Retail,Unknown,1
YOGLE BEAUTY,Retail,Unknown,1
YOU CHENG EDUCATION CENTRE,Retail,Unknown,1
ZENITH EDUCATION STUDIO,Retail,Unknown,1
ELISSA MEDICAL CLINIC,Retail,Unknown,1
HEARTSLAND DENTAL,Retail,Unknown,1
I-OBSERVATION HOUSE,Retail,Unknown,1
KSkin Korean Express Facial,Retail,Unknown,1
LUMINOUS NAILS & BEAUTY,Retail,Unknown,1
THIRTY THREE 33,Retail,Unknown,1
TIAN MA GROUP,Retail,Unknown,1
AERIAL ARTS COLLECTIVE,Retail,Unknown,1
BEAUTY FULL SKIN,Retail,Unknown,1
DTAP EXPRESS,Retail,Unknown,1
KO DJENG SAKURA DENTAL CLINIC,Retail,Unknown,1
M21 DRYCLEANERS,Retail,Unknown,1
METHODX,Retail,Unknown,1
ON HAIR,Retail,Unknown,1
ROYAL RECIPE WELLNESS,Retail,Unknown,1
STRENGTH MASTERS GYM,Retail,Unknown,1
YOGA MOVEMENT,Retail,Unknown,1
3WAY,Retail,Unknown,1
AI JEWELLERY,Retail,Unknown,1
ALIVE TATTOO STUDIO,Retail,Unknown,1
"CHANG BAI SHAN GINSENG MEDICAL HALL, SEAFOOD & BIRD'S NEST WHOLESALE CENTRE",Retail,Unknown,1
CHINATOWN SEAL CARVING SOUVENIR,Retail,Unknown,1
CHUN KEI JEWELLERY,Retail,Unknown,1
ESSENTIALS TRADITIONAL CHINESE MEDICINE,Retail,Unknown,1
FAI JEWELLERY TRADING,Retail,Unknown,1
FU TAI WELLNESS CENTRE,Retail,Unknown,1
HAVEFUN,Retail,Unknown,1
JADE DYNASTY GALLERY,Retail,Unknown,1
JNC BEAUTY AESTHETICS,Retail,Unknown,1
MAISON D'ESTHETIQUE,Retail,Unknown,1
ME GAMES,Retail,Unknown,1
MEMORIA COLLECTION,Retail,Unknown,1
MOBILER STAR,Retail,Unknown,1
POWER HEALING SHIATSU THERAPY & HOLISTICS,Retail,Unknown,1
QTM HERBAL THERAPY SPA,Retail,Unknown,1
ROYAL TCM CENTRE,Retail,Unknown,1
SHANDA TRAVEL,Retail,Unknown,1
ST. THOMAS @ SURPRISESSS,Retail,Unknown,1
UJADE JEWELLERY,Retail,Unknown,1
WELL.COM,Retail,Unknown,1
WESTERN UNION,Retail,Unknown,1
ZHENG CAI YU XI GE,Retail,Unknown,1
ACADEMY OF CHIROPRACTIC CLINIC,Retail,Unknown,1
CHATSWORTH MEDI@RT ACADEMY,Retail,Unknown,1
CHINA CONSTRUCTION (SOUTH PACIFIC) DEVELOPMENT CO.,Retail,Unknown,1
ENERGIA FITNESS,Retail,Unknown,1
JINTONG CARL CONSULTANCY,Retail,Unknown,1
M.A.D SCHOOL,Retail,Unknown,1
NATION CARE,Retail,Unknown,1
O2 LAB,Retail,Unknown,1
OHMM,Retail,Unknown,1
PERFECT U,Retail,Unknown,1
PURO PREMIUM CIGARS,Retail,Unknown,1
REHAB PRO THERAPY,Retail,Unknown,1
ROUNA EYELASH & BEAUTY JAPAN,Retail,Unknown,1
SINGAPORE LASH CENTER,Retail,Unknown,1
TEAM ELITES INTERNATIONAL,Retail,Unknown,1
THE CROWN,Retail,Unknown,1
THE ROB ROCKEFELLER S.C,Retail,Unknown,1
VIVIE TOKYO SALON,Retail,Unknown,1
WANYOO ESPORTS,Retail,Unknown,1
WATER B,Retail,Unknown,1
24/7 FITNESS ORCHARD,Retail,Unknown,1
3+ SALON,Retail,Unknown,1
ANAGEN SCALP,Retail,Unknown,1
BJ LUXURY,Retail,Unknown,1
DER ANTHYLLIS ORGANIC,Retail,Unknown,1
HANGUK SKIN SOLUTIONS,Retail,Unknown,1
IN.COLLECTIONS,Retail,Unknown,1
JEEVES-LONDON'S FINEST DRY CLEANERS,Retail,Unknown,1
JYUNKA,Retail,Unknown,1
M&G AESTHETICS BODY SCULPTING WELLNESS,Retail,Unknown,1
MAAX Hair Salon,Retail,Unknown,1
RENEU SKIN & WELLNESS,Retail,Unknown,1
SKIN SOUL SPA,Retail,Unknown,1
SOHO THE PRIVATE DRESSER,Retail,Unknown,1
SOMMAR BEAUTY SPA,Retail,Unknown,1
THE PRESTIGE EYEBROW & LASH SPECIALIST,Retail,Unknown,1
TRESS & CURVY,Retail,Unknown,1
WORLD OF WATCHES 2,Retail,Unknown,1
Z+KTV,Retail,Unknown,1
A GOOD PLACE,Retail,Unknown,1
ALLSMILES DENTAL CARE,Retail,Unknown,1
AURA CLINIC,Retail,Unknown,1
AURA MEDICAL AESTHETICS,Retail,Unknown,1
BOTTLES & BOTTLES,Retail,Unknown,1
BUBBLES GYM,Retail,Unknown,1
CELMONZE SIGNATURE,Retail,Unknown,1
CENDRE@SWEENYS,Retail,Unknown,1
CITI WEALTH CENTRE,Retail,Unknown,1
CRISTOFORI ACADEMY OF FINE ARTS,Retail,Unknown,1
DIMENSIONS INTERNATIONAL COLLEGE,Retail,Unknown,1
EMBRACE+ JEWELLERY & MORE,Retail,Unknown,1
FUR A VETRESKA PET STORE,Retail,Unknown,1
LA PETITE ECOLE,Retail,Unknown,1
M&S FOOD,Retail,Unknown,1
MATTER,Retail,Unknown,1
MULTIFLORA NOIBARA,Retail,Unknown,1
NUFFIELD DENTAL,Retail,Unknown,1
PETS' STATION,Retail,Unknown,1
PLAYFACTO @ HOLLAND,Retail,Unknown,1
SPORTSMED TCM,Retail,Unknown,1
STEFANI PARFUMERIE,Retail,Unknown,1
STRONG PILATES,Retail,Unknown,1
SUPERCO COWORKING SPACE,Retail,Unknown,1
SUPERLAND PRE-SCHOOL,Retail,Unknown,1
THE ARTGROUND,Retail,Unknown,1
THE ELLY STORE,Retail,Unknown,1
THE SEAFOOD MARKET PLACE,Retail,Unknown,1
ART VILLAGE,Retail,Unknown,1
ASIA MUSIC SCHOOL,Retail,Unknown,1
BFT WEST COAST PLAZA,Retail,Unknown,1
CHEN KANG WELLNESS & THERAPY,Retail,Unknown,1
DENTALTRENDZ 时尚牙科 WEST COAST,Retail,Unknown,1
DISTINCT CREATIVE ARTS,Retail,Unknown,1
DU YI BOOKSHOP,Retail,Unknown,1
EYE MASTER,Retail,Unknown,1
FAMILY CARE PHYSIOTHERAPY CLINIC,Retail,Unknown,1
HAIR SEQUENCE,Retail,Unknown,1
HONG FU MART,Retail,Unknown,1
INSTIC ACADEMY,Retail,Unknown,1
JANTZEN,Retail,Unknown,1
JIANG EDUCATION CENTRE,Retail,Unknown,1
KODECOON ACADEMY,Retail,Unknown,1
KUMON,Retail,Unknown,1
LE YANMIEL BEAUTE,Retail,Unknown,1
LOVE LINK JEWELLERY,Retail,Unknown,1
MENG DESIGN & BUILD,Retail,Unknown,1
MOFUNLAND & NEUROBIX METHOD,Retail,Unknown,1
MUZART LEARNING CENTRE,Retail,Unknown,1
NANYANG EDUCATION CONSULTANCY,Retail,Unknown,1
PINK ESSENTIAL,Retail,Unknown,1
PROMISS,Retail,Unknown,1
PUMA OUTLET STORE,Retail,Unknown,1
PURE ORGANIC BEAUTY,Retail,Unknown,1
RAPHA CHIROPRACTIC,Retail,Unknown,1
ROBOTHINK,Retail,Unknown,1
SINGAPORE DANCE COMPANY,Retail,Unknown,1
SPA ARTISTRY,Retail,Unknown,1
SUNSHINE WELLNESS AND SLIMMING,Retail,Unknown,1
THE SPECTACLE SHOP,Retail,Unknown,1
TOYSLAND,Retail,Unknown,1
VIERGE BEAUTIQUE,Retail,Unknown,1
VIVA MEDICAL GROUP (WESTSIDE),Retail,Unknown,1
WAM & EDUCATION CENTRE,Retail,Unknown,1
WAN TO PLAY CANDYLAND,Retail,Unknown,1
WINSTON OH HEARING,Retail,Unknown,1
XOREX PRESS,Retail,Unknown,1
YAN AESTHETIC & LASER CLINIC,Retail,Unknown,1
AILISA WELLNESS,Retail,Unknown,1
ALIZIA GIFT HOUSE,Retail,Unknown,1
AOM,Retail,Unknown,1
ART & ROSES FLOWERS 'N' GIFTS,Retail,Unknown,1
BABIES BELLIES,Retail,Unknown,1
BEAUTY COLLECTIVE,Retail,Unknown,1
BEAUTY EMPIRE,Retail,Unknown,1
BEAUTY'S ZIP,Retail,Unknown,1
BEN'S COLLECTIONS,Retail,Unknown,1
BOTTOMSLIM AND ASIAN SKIN SOLUTIONS,Retail,Unknown,1
BUZUD,Retail,Unknown,1
CAREHOME,Retail,Unknown,1
CLEANLY DRY CLEANING & ALTERATION,Retail,Unknown,1
COGITO CHEMISTRY,Retail,Unknown,1
COMFORT ZONE SIGNATURE,Retail,Unknown,1
DAISO JAPAN X THREEPPY,Retail,Unknown,1
EPI TREATZ,Retail,Unknown,1
EROS BEAUTY & WELLNESS,Retail,Unknown,1
FARM FROZEN,Retail,Unknown,1
FIX BOT,Retail,Unknown,1
FJORD STEEL EXPRESSIONS,Retail,Unknown,1
HIDOLPHIN COUNSELLING,Retail,Unknown,1
ILLUM.E,Retail,Unknown,1
JASS HAIR DESIGN,Retail,Unknown,1
K&M BEAUTY AESTHETIC,Retail,Unknown,1
KIMARIE,Retail,Unknown,1
KJ THERAPY,Retail,Unknown,1
KOKORO SEITAI JAPANESE CHIROPRACTIC AND STRETCHING THERAPY,Retail,Unknown,1
L’ATELIER KOREAN HAIR SALON,Retail,Unknown,1
LAO NIANG TCM CLINIC,Retail,Unknown,1
LASH MONSTER,Retail,Unknown,1
LASSIC & CO,Retail,Unknown,1
LIGHTON TCM,Retail,Unknown,1
MAT PLUS LIT,Retail,Unknown,1
MINISQ,Retail,Unknown,1
N'S BOUTIQUE,Retail,Unknown,1
NEOLIVE,Retail,Unknown,1
PERFUMES & COSMETICS GALLERY,Retail,Unknown,1
POLISH THE NAILS ROOM,Retail,Unknown,1
PRIX SALON,Retail,Unknown,1
RESEARCHBOOKS ASIA,Retail,Unknown,1
RUSTIC ROOM,Retail,Unknown,1
SHINE'S KEY & SHOE,Retail,Unknown,1
SOLMART,Retail,Unknown,1
SPARKLE DENTAL SURGERY,Retail,Unknown,1
SUPERHAIR,Retail,Unknown,1
TANPOPO HOUSE,Retail,Unknown,1
THE AIR STATION SLEEP STORE,Retail,Unknown,1
THE BUST SPECIALIST,Retail,Unknown,1
THE WEARHAUS,Retail,Unknown,1
THINK ACADEMY,Retail,Unknown,1
TRAVEL ZONE,Retail,Unknown,1
TT QUICK MASSAGE,Retail,Unknown,1
UNITED OPTOMETRIST,Retail,Unknown,1
ZEN BEAUTY,Retail,Unknown,1
ZOEO APPAREL,Retail,Unknown,1
Cheongdam Skin Management & Aesthetics Clinic,Retail,Unknown,1
Dead Sea Premier,Retail,Unknown,1
EX Style Prestige,Retail,Unknown,1
Glow 2 Go,Retail,Unknown,1
HoneyWorld,Retail,Unknown,1
Joyre Medical & Aesthetic Clinic,Retail,Unknown,1
JY Medical Aesthetics Clinics,Retail,Unknown,1
Kohong Lifestyle,Retail,Unknown,1
Menaka's Bridal Dressing,Retail,Unknown,1
Nail Lover,Retail,Unknown,1
QIU Nail. Eyelashes,Retail,Unknown,1
Spacio,Retail,Unknown,1
Sunshine Health & Wellness,Retail,Unknown,1
Svenson Hair Center,Retail,Unknown,1
Yuen An Zhan Medical Hall,Retail,Unknown,1
Dementia Singapore Ltd,Retail,Unknown,1
Disabled People's Association,Retail,Unknown,1
Dyslexia Association of Singapore,Retail,Unknown,1
Handicaps Welfare Association Rehab & Training Centre @ Jurong,Retail,Unknown,1
IC2P,Retail,Unknown,1
SAGE Counselling Centre,Retail,Unknown,1
SINDA Service Centre,Retail,Unknown,1
Stroke Support Station,Retail,Unknown,1
Yue Hwa Chinese Products,Retail,Unknown,1
Aspire Hub,Retail,Unknown,1
SLR Revolution,Retail,Unknown,1
The Remote Control House,Retail,Unknown,1
2PM,Retail,Unknown,1
Calista Fashion,Retail,Unknown,1
Clovers,Retail,Unknown,1
Coo. Seoul+,Retail,Unknown,1
Goldlion,Retail,Unknown,1
Lady Z,Retail,Unknown,1
Lilian Select,Retail,Unknown,1
Pandora Jewelry,Retail,Unknown,1
SUI SUI,Retail,Unknown,1
Yi Cool,Retail,Unknown,1
YouMe Men's Store,Retail,Unknown,1
8 Treasures,Retail,Unknown,1
City Mahjong Centre,Retail,Unknown,1
Lian Hoe Gifts and Jades,Retail,Unknown,1
Yinen Crystals,Retail,Unknown,1
Eazea,Retail,Unknown,1
Kim Able,Retail,Unknown,1
Seahorse,Retail,Unknown,1
Sintex,Retail,Unknown,1
Scarlett Fresh,Retail,Unknown,1
Sri Murugan Plus,Retail,Unknown,1
PRIMO,Retail,Unknown,1
Vincent Signature,Retail,Unknown,1
iClaw,Retail,Unknown,1
Teo Heng Family KTV Studio,Retail,Unknown,1
Kim Cham Place,Retail,Unknown,1
Bagzx,Retail,Unknown,1
JD- King of Trainers,Retail,Unknown,1
AcuMed Medical Group,Retail,Unknown,1
CARS,Retail,Unknown,1
Denticare,Retail,Unknown,1
Dollar Exchange,Retail,Unknown,1
"Drs Lim, Hoe & Wong Radiology Pte Ltd",Retail,Unknown,1
Eye Do Optic,Retail,Unknown,1
Eyecare Studio Optometrist,Retail,Unknown,1
Fullerton Health,Retail,Unknown,1
Hello Station,Retail,Unknown,1
HMI OneCare Clinic,Retail,Unknown,1
INGCO,Retail,Unknown,1
JurPoint Medicare Clinic,Retail,Unknown,1
Keyshoe,Retail,Unknown,1
M1 Shop,Retail,Unknown,1
Ma Kuang,Retail,Unknown,1
MINMED 24-HR CLINIC,Retail,Unknown,1
MINMED DENTAL CLINIC,Retail,Unknown,1
NTUC Learning Hub,Retail,Unknown,1
Optical 88,Retail,Unknown,1
Pearl's Optics,Retail,Unknown,1
Pet's Station,Retail,Unknown,1
Point Medical Group,Retail,Unknown,1
Singpost,Retail,Unknown,1
The SGFR Store,Retail,Unknown,1
Vision Exchange,Retail,Unknown,1
Yong Kang TCM Clinic,Retail,Unknown,1
Donna Aesthetics/ La Vida/ Nailz Haus/ HGs,Retail,Unknown,1
ECOK. CHARCOALHOUSE,Retail,Unknown,1
Fight Zone,Retail,Unknown,1
Indulge Skin & Body Lab,Retail,Unknown,1
Kicks Taekwondo,Retail,Unknown,1
Shinka,Retail,Unknown,1
The Salt Clinic By Premier,Retail,Unknown,1
Wine Hair Boutique,Retail,Unknown,1
Xpress Foot Wellness,Retail,Unknown,1
Chiki Can Paint,Retail,Unknown,1
KRTC Kent Ridge Education,Retail,Unknown,1
The Ballet School x Singapore Dance Company,Retail,Unknown,1
Black Lily,Retail,Unknown,1
C.C,Retail,Unknown,1
One Optique,Retail,Unknown,1
Yu Er,Retail,Unknown,1
ServiceSG Centre,Retail,Unknown,1
Design & Comfort (D&C),Retail,Unknown,1
i-Outlet,Retail,Unknown,1
HASSAN & SONS EXCHANGE,Retail,Unknown,1
Iban Express,Retail,Unknown,1
Income Insurance,Retail,Unknown,1
Kurumiz,Retail,Unknown,1
Minmed,Retail,Unknown,1
U@GX,Retail,Unknown,1
Bountifuliving / JOEI,Retail,Unknown,1
SG Home Decor,Retail,Unknown,1
Cut Butchery,Retail,Unknown,1
The Cheese Shop,Retail,Unknown,1
Laundry Club,Retail,Unknown,1
Airzone,Retail,Unknown,1
Allure Beauty Saloon,Retail,Unknown,1
Anta Kids,Retail,Unknown,1
Aptos Taekwondo,Retail,Unknown,1
Artistry Hair Studio,Retail,Unknown,1
AXS Stations/Citi/DBS ATMs (Behind Travelators),Retail,Unknown,1
Best Tech,Retail,Unknown,1
Blessed Kidz Learning Hub,Retail,Unknown,1
Bridging the Gap (Early Intervention For Life),Retail,Unknown,1
CMA Mental Arithmetic Centre,Retail,Unknown,1
Concept Nailz Spa,Retail,Unknown,1
CONNECT @ City Square Mall,Retail,Unknown,1
Creme Hairdressing,Retail,Unknown,1
D&C Shoes,Retail,Unknown,1
Dancepointe Academy,Retail,Unknown,1
Elm Tree,Retail,Unknown,1
Enchanted Home,Retail,Unknown,1
FarEastFlora.com,Retail,Unknown,1
Foot Tree,Retail,Unknown,1
Four Star By ISZ Bedding,Retail,Unknown,1
Fuji Film by Mach Photo,Retail,Unknown,1
Gadget Surelution,Retail,Unknown,1
Galaxy Gymnastics,Retail,Unknown,1
Giggle Jungle by Yooland,Retail,Unknown,1
Glamour+,Retail,Unknown,1
Glow Haven,Retail,Unknown,1
Greatminds,Retail,Unknown,1
Guardian Health & Beauty / Pharmacy,Retail,Unknown,1
Gyushi,Retail,Unknown,1
Heguru Singapore,Retail,Unknown,1
Home Baking Day,Retail,Unknown,1
Hong Leong Finance,Retail,Unknown,1
Hua Cheng Education Centre,Retail,Unknown,1
Inmers,Retail,Unknown,1
Jack's Place,Retail,Unknown,1
Kidodo Indoor Playground,Retail,Unknown,1
Kim Guan Goldsmith & Jeweller,Retail,Unknown,1
Leap SchoolHouse,Retail,Unknown,1
Lifescan Imaging,Retail,Unknown,1
Little Haven Family Clinic,Retail,Unknown,1
Ma Kuang TCM Women's and Children's Clinic,Retail,Unknown,1
MST Golf Super Store,Retail,Unknown,1
Perfect Pitch,Retail,Unknown,1
Photoism,Retail,Unknown,1
Popular Pals,Retail,Unknown,1
Puzzletopia,Retail,Unknown,1
Q & M Dental Centre / Q & M Medical & Aesthetic (Farrer Park),Retail,Unknown,1
Reality Yoga & Pilates,Retail,Unknown,1
Sciencetopia,Retail,Unknown,1
Sealy,Retail,Unknown,1
SingHear Tinnitus and Hearing Specialists,Retail,Unknown,1
Sparkanauts,Retail,Unknown,1
Stuff'd,Retail,Singaporean,1
The Logic Coders,Retail,Unknown,1
The Spa-Lon,Retail,Unknown,1
The Write Connection,Retail,Unknown,1
U-One,Retail,Unknown,1
Umistrong,Retail,Unknown,1
UOB Auto Lobby,Retail,Unknown,1
Vanessa Beauty & Henna Artwork Creations,Retail,Unknown,1
Velvet Beauty Wellness,Retail,Unknown,1
A.D.S Clinic,Retail,Unknown,1
Beaute Hub,Retail,Unknown,1
Beaute Nails,Retail,Unknown,1
Fortoire,Retail,Unknown,1
Hair Plus Korean Salon,Retail,Unknown,1
Innersense Beauty & Wellness,Retail,Unknown,1
JAPANESE BODY THERAPY,Retail,Unknown,1
K Designer Nail & Beauty,Retail,Unknown,1
Millys,Retail,Unknown,1
Nail & Massage Addiction,Retail,Unknown,1
NingXia Signature,Retail,Unknown,1
Rachels Best Soaps,Retail,Unknown,1
Radium Medical Aesthetics,Retail,Unknown,1
Radium Wellness Centre,Retail,Unknown,1
SKINS,Retail,Unknown,1
Welcia Singapore,Retail,Unknown,1
Jody Marshall Dance Company,Retail,Unknown,1
Josiah Montessori,Retail,Unknown,1
My Learning Haven,Retail,Unknown,1
School of Music Clef,Retail,Unknown,1
Titan Tech Academy,Retail,Unknown,1
Fujifilm X Space,Retail,Unknown,1
LG Subscribe™,Retail,Unknown,1
ViewQwest,Retail,Unknown,1
AWENQIQI,Retail,Unknown,1
Barani,Retail,Unknown,1
Braun Büffel,Retail,Unknown,1
Chaut Fifth,Retail,Unknown,1
D&C Design & Comfort,Retail,Unknown,1
DELSEY PARIS,Retail,Unknown,1
Garden,Retail,Unknown,1
Hedgren,Retail,Unknown,1
KyBoot - Shop of Switzerland,Retail,Unknown,1
Lucca Vudor,Retail,Unknown,1
MOTHERHOUSE,Retail,Unknown,1
RAD RUSSEL,Retail,Unknown,1
Siddix Tailor,Retail,Unknown,1
UNIQLO Flower,Retail,Unknown,1
Universal Traveller,Retail,Unknown,1
MBP Sports,Retail,Unknown,1
State Swim Swimming Schools,Retail,Unknown,1
ACLIUM,Retail,Unknown,1
Bbyeol by Ruhens,Retail,Unknown,1
Calligaris,Retail,Unknown,1
MR.DIY,Retail,Unknown,1
Oterre,Retail,Unknown,1
Sphere The Living Space,Retail,Unknown,1
ToTT,Retail,Unknown,1
Yogibo,Retail,Unknown,1
I-PRIMO Tokyo,Retail,Unknown,1
La Fleur,Retail,Unknown,1
ARCH,Retail,Unknown,1
Card Arena by MyRepublic,Retail,Unknown,1
Dimension Poptown,Retail,Unknown,1
Habanos,Retail,Unknown,1
Infinity Kpop,Retail,Unknown,1
La Tendo,Retail,Unknown,1
Sin Jojo,Retail,Unknown,1
SPARKLE Star,Retail,Unknown,1
Spectrum Store,Retail,Unknown,1
The Grande Whisky Museum,Retail,Unknown,1
The Singapore Mint,Retail,Unknown,1
Tiger Family,Retail,Unknown,1
Toys''R''Us,Retail,Unknown,1
VibeMax,Retail,Unknown,1
BIG BUS & DUCK,Retail,Unknown,1
HaveFun Family Karaoke,Retail,Unknown,1
Kidodo Space,Retail,Unknown,1
Kidodo Space VR Galaxy,Retail,Unknown,1
SuperPark Singapore,Retail,Unknown,1
AXS Station 2,Retail,Unknown,1
Bells Baking Studio,Retail,Unknown,1
Bethesda Medical Centre,Retail,Unknown,1
BYD,Retail,Unknown,1
Central Exchange Money Changer,Retail,Unknown,1
Crawfurd Medical,Retail,Unknown,1
DONGFENG Volt Auto,Retail,Unknown,1
EU Travel Expo,Retail,Unknown,1
Eye & Retina Surgeons (ERS) Suntec City,Retail,Unknown,1
Gown Forestry & Co.,Retail,Unknown,1
HKI International Exchange (Money Changer),Retail,Unknown,1
K N Chin & Associates Pte Ltd,Retail,Unknown,1
Listening Lab - Hearing Centre,Retail,Unknown,1
MTBL Cultural Centre (Singapore),Retail,Unknown,1
NUSS The Graduate Club,Retail,Unknown,1
Picture Me,Retail,Unknown,1
Rest N Go by Gintell,Retail,Unknown,1
Shukey,Retail,Unknown,1
ToofDoctor Dental Surgeons,Retail,Unknown,1
Unicity,Retail,Unknown,1
Yong Kang TCM and Physio Clinic,Retail,Unknown,1
FUJITEC by OGAWA,Retail,Unknown,1
MST Athleisure Wear,Retail,Unknown,1
MST GOLF Superstore,Retail,Unknown,1
AAPE STORE,Retail,Unknown,1
Belle & Kate,Retail,Unknown,1
Blé de Fonty,Retail,Unknown,1
By Invite Only Jewellery,Retail,Unknown,1
CHASEYCHARM,Retail,Unknown,1
Chota House,Retail,Unknown,1
ConnectIT by Jade Gift Shop,Retail,Unknown,1
Deen Exchange,Retail,Unknown,1
Deen Express,Retail,Unknown,1
Denim D'Artisan,Retail,Unknown,1
DRx Medispa,Retail,Unknown,1
ECLAIRE & SAVOIR,Retail,Unknown,1
Eclat By Oui,Retail,Unknown,1
Fjallraven,Retail,Unknown,1
HaveFun Family KTV,Retail,Unknown,1
Herschel Supply Company,Retail,Unknown,1
K Bowling Club,Retail,Unknown,1
KORYO MART,Retail,Unknown,1
L.E. Ball Park,Retail,Unknown,1
Limited Edt Vault,Retail,Unknown,1
Mee Mee Eyecare,Retail,Unknown,1
Moomoo,Retail,Unknown,1
Quiksilver,Retail,Unknown,1
Regina Hair Removal Specialist,Retail,Unknown,1
SOZO-one,Retail,Unknown,1
Super Rare,Retail,Unknown,1
SV Style House,Retail,Unknown,1
The Nailist City,Retail,Unknown,1
UN.WASTELANDS,Retail,Unknown,1
vivo,Retail,Foreign,1
Yield,Retail,Unknown,1
Akemi Home,Retail,Unknown,1
AXS Machine,Retail,Unknown,1
beside-u,Retail,Unknown,1
Boft Photo Printing Machine,Retail,Unknown,1
Card Shack Machine,Retail,Unknown,1
Dior Beauty Boutique,Retail,Unknown,1
DUALSONIC,Retail,Unknown,1
Esiney Trading,Retail,Unknown,1
Glow Haven Aesthetics and Wellness,Retail,Unknown,1
Goldheart Jewelry,Retail,Unknown,1
IKEA Jurong,Retail,Unknown,1
Jean Yip Aesthetics,Retail,Unknown,1
JWest,Retail,Unknown,1
Moomoo Trade,Retail,Unknown,1
NARS Cosmetics,Retail,Unknown,1
Natural Wild Honey,Retail,Unknown,1
Naturalizer,Retail,Unknown,1
Royce Dental Surgery,Retail,Unknown,1
Simply Flowers,Retail,Unknown,1
Sole Lovers,Retail,Unknown,1
SPX Express Locker (Opening Soon),Retail,Unknown,1
Standard Chartered Bank,Retail,Unknown,1
Sugarcane Vending Machine by Quench Mart,Retail,Unknown,1
Swift Exchange,Retail,Unknown,1
Thomson Medical,Retail,Unknown,1
Top Cash Jewellery,Retail,Unknown,1
Vincen+ Watch,Retail,Unknown,1
Yves Saint Laurent Beauté,Retail,Unknown,1
AgnesG. Nails,Retail,Unknown,1
Ballet Quarter,Retail,Unknown,1
Energized,Retail,Unknown,1
Finger Waltz Music,Retail,Unknown,1
Foot Locker Inc.,Retail,Unknown,1
Footnote Reflexology,Retail,Unknown,1
GAC,Retail,Unknown,1
Heart Springs Wellness,Retail,Unknown,1
J Glasses & Hearing,Retail,Unknown,1
Kosme Aesthetics,Retail,Unknown,1
Lenskart.com,Retail,Unknown,1
Maison Berger,Retail,Unknown,1
Our Art Studio,Retail,Unknown,1
Picky Pic,Retail,Unknown,1
Rapid Physiocare,Retail,Unknown,1
SHAW Theatres Paya Lebar Quarter,Retail,Unknown,1
Simba Service Centre,Retail,Unknown,1
Star Watches,Retail,Unknown,1
TMC Academy,Retail,Unknown,1
Tom & Stefanie,Retail,Unknown,1
True Medical Clinic,Retail,Unknown,1
Uni Retreat,Retail,Unknown,1
Vain Beauty,Retail,Unknown,1
Watch it!,Retail,Unknown,1
45R,Retail,Unknown,1
A+ HAIR SALON,Retail,Unknown,1
Adeva Spa,Retail,Unknown,1
AIGNER,Retail,Unknown,1
ALICE+OLIVIA,Retail,Unknown,1
ANTA Basketball,Retail,Unknown,1
Avenue on 3,Retail,Unknown,1
bmb Holistic Maternity Wellness,Retail,Unknown,1
Belle & Tulle Bridal,Retail,Unknown,1
Brooks Brothers,Retail,Unknown,1
CARS International Premier,Retail,Unknown,1
Château de Sable,Retail,Unknown,1
CS Fresh Gold,Retail,Unknown,1
Damiani,Retail,Unknown,1
Daughters Diamonds,Retail,Unknown,1
Daum,Retail,Unknown,1
edvox music & dance,Retail,Unknown,1
ETRO,Retail,Unknown,1
FURLA,Retail,Foreign,1
G-Star Raw,Retail,Unknown,1
Golden Goose Deluxe Brand / YOUNIQUE,Retail,Unknown,1
Guardian Pharmacy,Retail,Unknown,1
Jacadi Paris,Retail,Unknown,1
Jil Sander,Retail,Unknown,1
Kelture Aveda Hair Salon,Retail,Unknown,1
Kenko Wellness Reflexology,Retail,Unknown,1
Key Power Sports and Manduka,Retail,Unknown,1
Kuhn & Komor,Retail,Unknown,1
La Joie,Retail,Unknown,1
LALIQUE,Retail,Unknown,1
Linda Gallery,Retail,Unknown,1
LIULI,Retail,Unknown,1
Lladró,Retail,Unknown,1
Maison Margiela Fragrance,Retail,Unknown,1
Maryling,Retail,Unknown,1
Merlin Frame Maker & Art Gallery,Retail,Unknown,1
MGM Foreign Exchange,Retail,Unknown,1
Molo,Retail,Unknown,1
Nest Designs,Retail,Unknown,1
Northern Opticians,Retail,Unknown,1
Parfums de Marly,Retail,Unknown,1
Pois Boutique,Retail,Unknown,1
Pulse TCM,Retail,Unknown,1
Roche Bobois Paris,Retail,Unknown,1
Shugar Prestige,Retail,Unknown,1
Standard Chartered ATM,Retail,Unknown,1
Strange & Deranged,Retail,Unknown,1
The Better Toy Store,Retail,Unknown,1
The Hair Shop,Retail,Unknown,1
TOM FORD,Retail,Unknown,1
Vans,Retail,Foreign,1
Watches of Switzerland,Retail,Unknown,1
Watsons Health,Retail,Unknown,1
Weekend Max Mara,Retail,Unknown,1
XZQT Portfolio,Retail,Unknown,1
Y by Yann,Retail,Unknown,1
Zimmermann,Retail,Unknown,1
Rolex at Watch Palace,Retail,Unknown,1
Tudor at Watch Palace,Retail,Unknown,1
Dr Mark Leong’s Clubhouse,Retail,Unknown,1
BAPE STORE® SINGAPORE,Retail,Unknown,1
CHRONO95 Luxury Watch Boutique,Retail,Unknown,1
Jaedals,Retail,Unknown,1
Hisential Orchard Clinic,Retail,Unknown,1
AOE,Retail,Unknown,1
Head Spa by GOYO,Retail,Unknown,1
Laichan,Retail,Unknown,1
KGOLF / ANEW,Retail,Unknown,1
J Lindeberg,Retail,Unknown,1
Arteastiq Jamming Studio,Retail,Unknown,1
Adpost Moneychanger,Retail,Unknown,1
American Shoe Store (Alden),Retail,Unknown,1
Bada Hair,Retail,Unknown,1
Colorwash,Retail,Unknown,1
Kreative Beaulab,Retail,Unknown,1
Manifesto,Retail,Unknown,1
Smile Inc.® Dental Surgeons,Retail,Unknown,1
Stone For Gold,Retail,Unknown,1
TVG,Retail,Unknown,1
Xi Apparel & Jade,Retail,Unknown,1
woosee fine art and finest tea,Retail,Unknown,1
Leonian Sportique,Retail,Unknown,1
Quintessential,Retail,Unknown,1
Michael Kors,Retail,Foreign,1
O+ Eyewear,Retail,Unknown,1
Sage Medical Clinic,Retail,Unknown,1
MANDARIN REPTILE,Retail,Unknown,1
VUE,Retail,Unknown,1
X-Boundaries,Retail,Unknown,1
Ministry Of Scalp Therapy,Retail,Unknown,1
Scene,Retail,Unknown,1
MisterChrono Paris,Retail,Unknown,1
Shiro Aesthetic Clinic,Retail,Unknown,1
Juz Salon,Retail,Unknown,1
First Luxury,Retail,Unknown,1
THE EYE DOCTOR,Retail,Unknown,1
Coloc The Tailor,Retail,Unknown,1
THE EYECLINIC BY DR. CHERYL LEE,Retail,Unknown,1
atomi x furniture / atomi x lifestyle,Retail,Unknown,1
Mendis Aesthetics,Retail,Unknown,1
WATCH GALLERY,Retail,Unknown,1
Art District SG,Retail,Unknown,1
DEJADE JEWELLERY,Retail,Unknown,1
Victoria's Secret,Retail,Foreign,1
CHAMBER,Retail,Unknown,1
Chequered Flag,Retail,Unknown,1
WC26,Retail,Unknown,1
ALH RMC Money Changer,Retail,Unknown,1
Mobile Stop,Retail,Unknown,1
Sony Store*,Retail,Unknown,1
THEIMPRINT,Retail,Unknown,1
B*dazzle,Retail,Unknown,1
Jernn Shoes,Retail,Unknown,1
JOOCYEE,Retail,Unknown,1
Privilege Boutique Wellness*,Retail,Unknown,1
Qoosh Nail Spa,Retail,Unknown,1
Sabaai Sabaai Boutique Spa*,Retail,Unknown,1
Salon Vim*,Retail,Unknown,1
Spa45*,Retail,Unknown,1
YANN BEYRIE SALON*,Retail,Unknown,1
Diamond2®,Retail,Unknown,1
Jeulia,Retail,Unknown,1
MAUBOUSSIN,Retail,Unknown,1
NORQAIN,Retail,Unknown,1
RISIS Atelier,Retail,Unknown,1
ABRAKADOODLE ART STUDIO,Retail,Unknown,1
ABSOLUTE PILATES,Retail,Unknown,1
AMAZONIA,Retail,Unknown,1
ARKIDENTAL,Retail,Unknown,1
ATLAS KIND,Retail,Unknown,1
AVEDA MICRO EXPERIENCE CENTER,Retail,Unknown,1
BOCHECHAS X TINY DOTS WONDER,Retail,Unknown,1
CHATEAU DE SABLE,Retail,Unknown,1
CLÉMENCE BY RUE MADAME,Retail,Unknown,1
CLICK PHOTO IDEAS,Retail,Unknown,1
COSMO HAIR & BEAUTY SALON,Retail,Unknown,1
CS FRESH BY COLD STORAGE,Retail,Unknown,1
DBS DIGITAL LOBBY,Retail,Unknown,1
EVOLVE SALON,Retail,Unknown,1
EVRYDAY STUDIOS,Retail,Unknown,1
EXPRESS CORNER MONEY CHANGER,Retail,Unknown,1
FAMILY-COM,Retail,Unknown,1
GOLDMINE XCHANGE (MONEY CHANGER),Retail,Unknown,1
GOLFX,Retail,Unknown,1
HEADS UP FOR TAILS,Retail,Unknown,1
HEVEYA,Retail,Unknown,1
HOT YOGA STUDIO LAVA,Retail,Unknown,1
IGLOW,Retail,Unknown,1
ISLAND RUN CLUB,Retail,Unknown,1
J. KEYER +,Retail,Unknown,1
JANTZEN SALON,Retail,Unknown,1
JULLIA OLGER BY ARTNATURE,Retail,Unknown,1
LA BARBERSHOP LA COWBOY KIDS,Retail,Unknown,1
LAUNDRY QUEEN,Retail,Unknown,1
LILIEWOODS SOCIAL,Retail,Unknown,1
MANNEQUEEN®,Retail,Unknown,1
MEIDI-YA JAPANESE SUPERMARKET,Retail,Unknown,1
MINMED CLINIC (RIVER VALLEY) & MINMED PAEDIATRICS (RIVER VALLEY),Retail,Unknown,1
MOOM,Retail,Unknown,1
MOTHERSWORK,Retail,Unknown,1
MOYEM MEDICAL AESTHETICS,Retail,Unknown,1
MST GOLF,Retail,Unknown,1
MY BALLET STUDIO,Retail,Unknown,1
MY FOOT REFLEXOLOGY,Retail,Unknown,1
NAIL CULTURE,Retail,Unknown,1
NALA,Retail,Unknown,1
NISHINO HEALTH & BEAUTY,Retail,Unknown,1
PAPERMARKET,Retail,Unknown,1
PASSIONATE NAILS,Retail,Unknown,1
PRICEBREAKER,Retail,Unknown,1
QUEEN'S PARADISE,Retail,Unknown,1
RAFFLES JAPANESE CLINIC,Retail,Unknown,1
SC ATM,Retail,Unknown,1
SLOW GREEN,Retail,Unknown,1
SOTHYS SALON,Retail,Unknown,1
SPECIALIST EYECARE CLINIC,Retail,Unknown,1
SPX EXPRESS,Retail,Unknown,1
THE AESTHETICS CENTRE,Retail,Unknown,1
THE NAIL ARTISTRY,Retail,Unknown,1
THE SCHOOLHOUSE BY BUSY BEES,Retail,Unknown,1
TOYSHUNT,Retail,Unknown,1
TWIN CITY MEDICAL CENTRE,Retail,Unknown,1
VERONICA'S FLORIST & GIFTS,Retail,Unknown,1
#RAVE,Retail,Unknown,1
Adams Tailor,Retail,Unknown,1
Aparo Golf,Retail,Unknown,1
Bonbon Blowout Bar,Retail,Unknown,1
Brands Lover,Retail,Unknown,1
Bricks & Ocean,Retail,Unknown,1
BritishIndia,Retail,Unknown,1
Chimp Champ,Retail,Unknown,1
City Tourist Hub,Retail,Unknown,1
Club Shine,Retail,Unknown,1
Corinne Jewelry,Retail,Unknown,1
Cotton Amour,Retail,Unknown,1
Daily & Co,Retail,Unknown,1
Daiso Japan,Retail,Unknown,1
Dance Thrilogy,Retail,Unknown,1
Danz People,Retail,Unknown,1
Dear Bliss,Retail,Unknown,1
Designer Brow Beauty,Retail,Unknown,1
DP Architects Pte Ltd,Retail,Unknown,1
Eccellente by HAO mart,Retail,Unknown,1
Elly Sera Florist,Retail,Unknown,1
Ergoworks,Retail,Unknown,1
Eye Practice,Retail,Unknown,1
Faber-Castell,Retail,Unknown,1
Fountain Money Changer,Retail,Unknown,1
Freia Aesthetics,Retail,Unknown,1
Geberit / Franke,Retail,Unknown,1
Handphone Inspiration,Retail,Unknown,1
Heritage Strings & Arts,Retail,Unknown,1
HM Gallery,Retail,Unknown,1
HopHop Bunny,Retail,Unknown,1
Hugh British,Retail,Unknown,1
HWA International School,Retail,Unknown,1
iFresh,Retail,Unknown,1
Ink & Sacs,Retail,Unknown,1
Instant Glamour,Retail,Unknown,1
Ipanema,Retail,Unknown,1
Kartell By Lifestorey,Retail,Unknown,1
Kaylie,Retail,Unknown,1
Keen,Retail,Unknown,1
Kenko Training Hub,Retail,Unknown,1
Kenko Wellness Spa and Reflexology,Retail,Unknown,1
Kidodo DIY,Retail,Unknown,1
Kidodo Village,Retail,Unknown,1
Kids In The Room,Retail,Unknown,1
Kimage Cove,Retail,Unknown,1
Kimage Hairdressing School,Retail,Unknown,1
King Koil Gallery,Retail,Unknown,1
Kings & Queens One-Stop Solution,Retail,Unknown,1
Kiztopia,Retail,Unknown,1
Kosy Living,Retail,Unknown,1
L’Oreal Academy,Retail,Unknown,1
Legacy Dance Co.,Retail,Unknown,1
Leon & Friends,Retail,Unknown,1
Lily Valley Pre School,Retail,Unknown,1
LIMS Legacy,Retail,Unknown,1
Lockdown Lava Floor,Retail,Unknown,1
Love In A Bottle,Retail,Unknown,1
Marquis QSquare,Retail,Unknown,1
Matchpoint Inc.,Retail,Unknown,1
MBP Sports - Tennis & Padel Tennis Court,Retail,Unknown,1
MindChamps Global HQ/Enrichment Academy,Retail,Unknown,1
Mobel Story,Retail,Unknown,1
MOFUNLAND,Retail,Unknown,1
MrIT.com.sg,Retail,Unknown,1
Neurobix Method,Retail,Unknown,1
New Heights,Retail,Unknown,1
Oro Style House,Retail,Unknown,1
Passions,Retail,Unknown,1
Phiten,Retail,Unknown,1
Pororo Park Singapore,Retail,Unknown,1
Posh Wellness,Retail,Unknown,1
Prestique Studio,Retail,Unknown,1
PSB Academy,Retail,Unknown,1
Rip Curl,Retail,Unknown,1
Robo Robo,Retail,Unknown,1
Roche Bobois,Retail,Unknown,1
Salon Orient,Retail,Unknown,1
School of Music and the Arts (SOMA),Retail,Unknown,1
Scissors Paper Stone,Retail,Unknown,1
Seasons Marina Spa,Retail,Unknown,1
Seth Vision,Retail,Unknown,1
Sharewow,Retail,Unknown,1
Shine Korea Supermarket,Retail,Unknown,1
Silver River Money Changer,Retail,Unknown,1
Singapore Paincare TCM Wellness,Retail,Unknown,1
Singapore Ski & Snowboard Academy,Retail,Unknown,1
Stoneage Collection,Retail,Unknown,1
Super Child Club,Retail,Unknown,1
Suucokids,Retail,Unknown,1
Synwin Violins,Retail,Unknown,1
Tasi,Retail,Unknown,1
The Little Gym,Retail,Unknown,1
The Maternity House,Retail,Unknown,1
The Par Club,Retail,Unknown,1
The Toy Folks,Retail,Unknown,1
Threeppy by Daiso Japan,Retail,Unknown,1
urban de.Fine,Retail,Unknown,1
Vincitore The Italian Shoe Store,Retail,Unknown,1
Vispring,Retail,Unknown,1
Vroomtown Driving City,Retail,Unknown,1
West Coast Dental Clinic,Retail,Unknown,1
XTRA,Retail,Unknown,1
Xtra Office,Retail,Unknown,1
YouClass Learning Centre,Retail,Unknown,1
Cheongdam Aesthetics Clinic,Retail,Unknown,1
Cheongdam Korean Skin Management,Retail,Unknown,1
E-H Hairdesign Studio,Retail,Unknown,1
Efflorescence Face.Eyebrow,Retail,Unknown,1
Kids ‘n’ Me,Retail,Unknown,1
Salon At Goldhill,Retail,Unknown,1
SULTANS,Retail,Unknown,1
Vanity Room,Retail,Unknown,1
Young by Multiflora,Retail,Unknown,1
Geniebook,Retail,Unknown,1
Lorna Whiston Schools,Retail,Unknown,1
Mandeville Conservatory of Music,Retail,Unknown,1
The Physics Cafe,Retail,Unknown,1
CD Plus,Retail,Unknown,1
Mini Me Racing,Retail,Unknown,1
Aglow Baby & Child Clinic,Retail,Unknown,1
Craftsmen Authentic Optical,Retail,Unknown,1
Digital Xpress,Retail,Unknown,1
GPA Dental Group United Square,Retail,Unknown,1
Lifetime Vision Care,Retail,Unknown,1
Physicians Practice Family Medical Center,Retail,Unknown,1
PramWash,Retail,Unknown,1
Precision Optics,Retail,Unknown,1
The Laundry Corner,Retail,Unknown,1
Thomson Chinese Medicine,Retail,Unknown,1
Thomson Fertility,Retail,Unknown,1
AWEI,Retail,Unknown,1
H&M Kids,Retail,Unknown,1
HOPLA! Kids Shoe Shop,Retail,Unknown,1
La Kelly,Retail,Unknown,1
Le Femme Collections,Retail,Unknown,1
Linen Gallery,Retail,Unknown,1
Mega Discount Store,Retail,Unknown,1
Royal Castles,Retail,Unknown,1
Sea Apple,Retail,Unknown,1
Simmons,Retail,Unknown,1
PFP Signature Centre,Retail,Unknown,1
AIX Armani Exchange,Retail,Unknown,1
Havaianas,Retail,Unknown,1
Llora,Retail,Unknown,1
Marie France Van Damme,Retail,Unknown,1
NIMISSKI,Retail,Unknown,1
Rue Madame,Retail,Unknown,1
Skeda,Retail,Unknown,1
SocietyA,Retail,Unknown,1
Tailored Fashions,Retail,Unknown,1
The Editorâs Market,Retail,Unknown,1
TYAN,Retail,Unknown,1
Action City,Retail,Unknown,1
Action City Plus,Retail,Unknown,1
Caring Skin,Retail,Unknown,1
Cheryl W Wellness & Weight Management,Retail,Unknown,1
Chez Vous . Chez Image,Retail,Unknown,1
kim robinson,Retail,Unknown,1
Nailography by N20,Retail,Unknown,1
Oriental Hair Solution,Retail,Unknown,1
POSTCARD,Retail,Unknown,1
YAN PALACE,Retail,Unknown,1
Aveda,Retail,Unknown,1
Avenue Medical + Surgery Group,Retail,Unknown,1
BYREDO,Retail,Unknown,1
LâArtisan Parfumeur,Retail,Unknown,1
Mt. Sapola,Retail,Unknown,1
Maison Margiela Paris,Retail,Unknown,1
Neals Yard Remedies,Retail,Unknown,1
PAÃPURI,Retail,Unknown,1
Penhaligonâs,Retail,Unknown,1
Prologue,Retail,Unknown,1
Motherlove,Retail,Unknown,1
SJ Clinic & Surgery,Retail,Unknown,1
Zell-V Platinum,Retail,Unknown,1
Chanel Watches & Fine Jewellery,Retail,Unknown,1
Jacob & Co.,Retail,Unknown,1
Seiko,Retail,Foreign,1
State Property,Retail,Unknown,1
Goyard,Retail,Unknown,1
Jalan Sriwijaya,Retail,Unknown,1
Kurun Tokyo,Retail,Unknown,1
Flavours of Ishikawa,Retail,Unknown,1
MORNING,Retail,Unknown,1
The Paper Bunny,Retail,Unknown,1
Within Yoga | Pilates,Retail,Unknown,1
999.9,Retail,Unknown,1
Kaneko Optical,Retail,Unknown,1
1TCM,Retail,Unknown,1
Citi Beauty Aesthetics,Retail,Unknown,1
d’skin,Retail,Unknown,1
LA Barber shop,Retail,Unknown,1
Midori’s Hair Salon,Retail,Unknown,1
Pixie Nails,Retail,Unknown,1
Shou Slimming Centre,Retail,Unknown,1
SKINN Lash Brow Face,Retail,Unknown,1
The H2 Therapy,Retail,Unknown,1
The Vogue Hair Professional,Retail,Unknown,1
V Medical Aesthetics Laser Clinic,Retail,Unknown,1
Switch+,Retail,Unknown,1
Believer Music,Retail,Unknown,1
Kakoo,Retail,Unknown,1
Miss Empire,Retail,Unknown,1
Rose Of Sharon,Retail,Unknown,1
Zotelier,Retail,Unknown,1
Dorifto!,Retail,Unknown,1
Core Concepts,Retail,Unknown,1
12HRS Money Exchanger,Retail,Unknown,1
Clinico Hearing Solution,Retail,Unknown,1
d’SSL,Retail,Unknown,1
Fight Zone Singapore,Retail,Unknown,1
Key Power Sports,Retail,Unknown,1
The Big Country,Retail,Unknown,1
ACNE STUDIOS,Retail,Unknown,1
AHKAH,Retail,Unknown,1
AIMER,Retail,Unknown,1
AIMER KIDS,Retail,Unknown,1
AIMER MEN,Retail,Unknown,1
ALEXANDER MCQUEEN,Retail,Unknown,1
AMAFFI PERFUME HOUSE,Retail,Unknown,1
Abel Richard,Retail,Unknown,1
Alo Yoga,Retail,Unknown,1
Arc'teryx,Retail,Unknown,1
BA&SH,Retail,Unknown,1
BABY DIOR,Retail,Unknown,1
BALLY,Retail,Unknown,1
BALMAIN,Retail,Unknown,1
BAO BAO ISSEY MIYAKE,Retail,Unknown,1
BOSS Green,Retail,Unknown,1
BOUCHERON,Retail,Unknown,1
BR Aesthetics Medical Clinic,Retail,Unknown,1
BUFF'D NAIL SPA,Retail,Unknown,1
BURBERRY KIDS,Retail,Unknown,1
CH CAROLINA HERRERA,Retail,Unknown,1
CHANEL FRAGRANCE & BEAUTY,Retail,Unknown,1
CHLOÉ,Retail,Unknown,1
CLUB21 X PLAY COMME DES GARÇONS,Retail,Unknown,1
Clé de Peau Beauté,Retail,Unknown,1
DAVIDOFF OF GENEVA,Retail,Unknown,1
DELVAUX,Retail,Unknown,1
DEVIALET,Retail,Unknown,1
DIOR MEN,Retail,Unknown,1
DOLCE&GABBANA JUNIOR,Retail,Unknown,1
DRAGON BRAND BIRD'S NEST,Retail,Unknown,1
EMPORIO ARMANI JUNIOR,Retail,Unknown,1
FAR EAST EXCHANGE,Retail,Unknown,1
FRED,Retail,Unknown,1
FRETTE,Retail,Unknown,1
G-SHOCK CASIO PREMIUM,Retail,Unknown,1
GUCCI KIDS,Retail,Unknown,1
Golden Goose,Retail,Unknown,1
HEC Life+,Retail,Unknown,1
Henry Jacques,Retail,Unknown,1
Homme Plissé Issey Miyake,Retail,Unknown,1
Hästens,Retail,Unknown,1
Kenzo,Retail,Unknown,1
Kids21,Retail,Unknown,1
Kwanpen,Retail,Unknown,1
LAOPU GOLD,Retail,Unknown,1
Le Labo,Retail,Unknown,1
Livewire by Singapore Pools,Retail,Unknown,1
MIKIMOTO,Retail,Unknown,1
MONNALISA,Retail,Unknown,1
Maison 21G Paris,Retail,Unknown,1
Manolo Blahnik,Retail,Unknown,1
Miki House,Retail,Unknown,1
Moncler,Retail,Foreign,1
Moodytiger,Retail,Unknown,1
Natureland Premium,Retail,Unknown,1
Pleats Please Issey Miyake,Retail,Unknown,1
Puyi Optical,Retail,Unknown,1
Qeelin,Retail,Unknown,1
ROLEX BOUTIQUE MARINA BAY,Retail,Unknown,1
Ralph Lauren,Retail,Unknown,1
Rare,Retail,Unknown,1
Reborn Healthcare Center,Retail,Unknown,1
Rene Caovilla,Retail,Unknown,1
Richard Mille,Retail,Unknown,1
Roger Dubuis,Retail,Unknown,1
Roger Vivier,Retail,Unknown,1
SILKY MIRACLE,Retail,Unknown,1
SINCERE HAUTE HORLOGERIE,Retail,Unknown,1
SUNS,Retail,Unknown,1
Stefano Ricci,Retail,Unknown,1
Stone Island,Retail,Unknown,1
Tasaki,Retail,Unknown,1
The Whoo,Retail,Unknown,1
Thom Browne,Retail,Unknown,1
Tod's,Retail,Unknown,1
Tom Ford Beauty,Retail,Unknown,1
Zenith,Retail,Unknown,1
